smiles,Solubility,alpha,fold,median,lower_quantile,upper_quantile
CC(C)c1ccc(C)cc1O,0.0060255958607435,0.3,0,0.032278508,0.03174904,0.07608193
CNC(=O)C(C)SCCSP(=O)(OC)(OC),13.931568029453029,0.3,0,0.11842072,0.008152574,0.46526596
c1c(NC(=O)c2ccccc2(I))cccc1,6.165950018614822e-05,0.3,0,0.015450299,0.0053649843,0.052725643
Clc1ccc(I)cc1,9.332543007969905e-05,0.3,0,0.011761546,0.009157747,0.056195855
CC(=O)Nc1ccc(Br)cc1,0.0008260379495771,0.3,0,0.022210687,0.01574272,0.07505527
COc2cnc1ncncc1n2,0.0726105957435154,0.3,0,0.12090519,0.008108586,0.4189316
Brc1ccccc1,0.0028183829312644,0.3,0,0.037024498,0.022633642,0.05513093
OCC1OC(O)(CO)C(O)C1O,4.36515832240166,0.3,0,1.5851464,0.6179838,4.068529
CCCCCCCCCCCCCCCCCCCCCCCCCC,4.634469197362884e-09,0.3,0,0.028729767,-0.031441927,-0.007898271
CC(C)CC(C)O,0.1584893192461113,0.3,0,0.112167925,0.08233771,0.2250361
c1(C(C)(C)C)cc(C(C)(C)C)cc(OC(=O)NC)c1,5.7543993733715664e-05,0.3,0,0.018032074,0.0064249337,0.025832742
CN(C)c1nc(nc(n1)N(C)C)N(C)C,0.000432513831035,0.3,0,0.010647863,0.014055431,0.06666142
CC1CC2C3CCC(O)(C(=O)C)C3(C)CC(O)C2(F)C4(C)C=CC(=O)C=C14,7.961593504173184e-05,0.3,0,0.071239024,0.027103543,0.07231203
CCCOCC,0.2187761623949552,0.3,0,0.11931947,0.10424909,0.20151794
NS(=O)(=O)c2cc1c(NC(NS1(=O)=O)C(Cl)Cl)cc2Cl,0.002089296130854,0.3,0,0.03037256,-0.002837509,0.06474316
CC(=O)OC3CCC4C2CCC1=CC(=O)CCC1(C)C2CCC34C,6.546361740672747e-06,0.3,0,0.06198442,0.0023377836,0.07098198
Oc1ccc(Cl)cc1,0.1995262314968879,0.3,0,0.06284696,0.017559737,0.36780354
CC1OC(CC(O)C1O)OC2C(O)CC(OC2C)OC8C(O)CC(OC7CCC3(C)C(CCC4C3CC(O)C5(C)C(CCC45O)C6=CC(=O)OC6)C7)OC8C,8.298507675144218e-05,0.3,0,0.08336055,0.0058862865,0.14714432
ClC(=C)Cl,0.0229086765276777,0.3,0,0.04458472,-0.013266116,0.08017489
c1ccc2cc3c4cccc5cccc(c3cc2c1)c45,3.235936569296281e-09,0.3,0,0.03099206,-0.012440711,0.046601027
c3ccc2c(O)c1ccccc1cc2c3,1.8620871366628657e-05,0.3,0,0.050933063,0.020895064,0.06915721
CCNc1nc(Cl)nc(NCC)n1,2.818382931264455e-05,0.3,0,0.027982593,-0.0069697797,0.11031988
CC(C)OC(=O)C(O)(c1ccc(Br)cc1)c2ccc(Br)cc2,1.1748975549395302e-05,0.3,0,0.02854678,0.0023229718,0.0503307
NC(=S)Nc1ccccc1,0.0169824365246174,0.3,0,-0.018167019,-0.013337046,0.041127115
Fc1cccc(Br)c1,0.0021379620895022,0.3,0,0.028300196,0.023985684,0.059988856
CCN(=O)=O,0.6025595860743578,0.3,0,0.22885163,0.12658072,0.42907354
CN(C)C(=O)Nc1ccc(Cl)c(Cl)c1,0.0001584893192461,0.3,0,0.0027467012,0.0026958883,0.0870952
CC1CC2C3CC(F)C4=CC(=O)C=CC4(C)C3(F)C(O)CC2(C)C1(O)C(=O)CO,2.43781081836875e-06,0.3,0,0.06640583,0.024427861,0.10255024
OC(C1=CC2C5C(C1C2=C(c3ccccc3)c4ccccn4)C(=O)NC5=O)(c6ccccc6)c7ccccn7,0.0001172195365548,0.3,0,0.031037927,-0.017901748,0.08642012
COC(=O)c1ccccc1C(=O)OC,0.0218776162394955,0.3,0,0.044274062,0.02393508,0.07914761
CCN2c1nc(C)cc(C(F)(F)F)c1NC(=O)c3cccnc23,6.208690342300637e-05,0.3,0,0.039787024,-0.016776025,0.06693405
Nc1ccc(cc1)N(=O)=O,0.0042657951880159,0.3,0,-0.004798174,-0.025095731,0.094994515
CC(C)C(Nc1ccc(cc1Cl)C(F)(F)F)C(=O)OC(C#N)c2cccc(Oc3ccccc3)c2,9.931160484209337e-09,0.3,0,0.022950143,-0.010904282,0.054151893
CCCCCCCC(=O)OCC,0.0004073802778041,0.3,0,0.049197882,0.02712509,0.06666908
c1ccc2c(c1)[nH]c3ccccc32,5.370317963702533e-06,0.3,0,0.035319477,0.015455276,0.072154164
Oc1c(Cl)c(Cl)cc(Cl)c1Cl,0.0004265795188015,0.3,0,0.0482544,0.00070890784,0.07025245
CCCC1COC(Cn2cncn2)(O1)c3ccc(Cl)cc3Cl,0.000321366053864,0.3,0,0.083716005,0.009814799,0.1788736
Clc1cccc(Cl)c1Cl,0.0001,0.3,0,0.032057166,0.00982368,0.07080263
CC(=O)OCC(=O)C3(O)C(CC4C2CCC1=CC(=O)C=CC1(C)C2(F)C(O)CC34C)OC(C)=O,7.413102413009176e-05,0.3,0,0.064872324,0.026837587,0.07706189
ClCC#N,0.8090958991783823,0.3,0,0.21805532,0.13643679,0.41268647
Cc1cccc(C)n1,2.8183829312644537,0.3,0,0.08584958,0.021015078,0.27879697
CCCCCCCCCCCCCCCC,3.981071705534969e-09,0.3,0,0.033189148,-0.019416273,0.0043289363
CC1CCCCC1,0.0001412537544622,0.3,0,0.07769537,-0.0032572448,0.16196851
NC(=O)c1cnccn1,0.2152781734724372,0.3,0,2.8197196,0.9929691,6.2989597
CN(C=Nc1ccc(C)cc1C)C=Nc2ccc(C)cc2C,3.3884415613920275e-06,0.3,0,0.015480965,0.019320935,0.07296544
c1ccccc1(OC(=O)NC),0.0157398286446621,0.3,0,0.0341475,0.02187717,0.09358844
Oc1cccc(Cl)c1Cl,0.0501187233627272,0.3,0,0.04026842,0.0066596568,0.10060197
C1CCCC1,0.0022908676527677,0.3,0,0.08657193,-0.008232027,0.22592227
Nc1cc(nc(N)n1=O)N2CCCCC2,0.010256519262514,0.3,0,0.027540326,-0.040425092,0.09158227
O=C1NC(=O)NC(=O)C1(C(C)C)CC=C,0.0195884467350598,0.3,0,0.028199106,0.0055629313,0.07374048
COP(=O)(OC)OC(=CCl)c1cc(Cl)c(Cl)cc1Cl,3.006076302628229e-05,0.3,0,0.07216939,-0.017499864,0.4011532
Clc1cc(Cl)c(Cl)c(Cl)c1,2.344228815319923e-05,0.3,0,0.037799895,0.007040739,0.05943057
Clc1cccc(Cl)c1c2ccccc2,6.165950018614822e-06,0.3,0,0.031344384,0.008190244,0.055512518
Fc1ccccc1Br,0.0019952623149688,0.3,0,0.031562746,0.025995314,0.06762466
Nc1ccccc1N(=O)=O,0.0109647819614318,0.3,0,0.009986818,-0.01686111,0.06738815
CCOP(=S)(OCC)Oc1nc(Cl)c(Cl)cc1Cl,2.1379620895022326e-06,0.3,0,0.052499086,0.02634126,0.09501523
CC(C)C(O)C(C)C,0.0602559586074357,0.3,0,0.07654393,0.061930925,0.12857276
c1(OC)ccc(CC=C)cc1,0.0012022644346174,0.3,0,0.029550403,0.020838529,0.07042825
CCSC(=O)N(CC(C)C)CC(C)C,0.0002089296130854,0.3,0,0.034967154,0.024813563,0.061634958
CNC(=O)Oc1cccc(N=CN(C)C)c1,0.0045708818961487,0.3,0,0.015005976,0.00029614568,0.095707804
C1CCC2CCCCC2C1,6.456542290346549e-06,0.3,0,0.061990917,-0.042377055,0.11327854
Cc1ccc(O)cc1C,0.0416869383470335,0.3,0,0.048411787,0.018978149,0.216238
CC12CCC(O)CC1CCC3C2CCC4(C)C3CCC4=O,3.9627803425543934e-05,0.3,0,0.08378598,0.003754586,0.108434826
O2c1cc(C)ccc1N(C)C(=O)c3cc(N)cnc23,0.0009057326008981,0.3,0,0.023934484,0.0073484182,0.097794145
c1ccnnc1,12.589254117941676,0.3,0,4.5066814,1.7627094,9.581106
CC5(C)OC4CC3C2CCC1=CC(=O)C=CC1(C)C2(F)C(O)CC3(C)C4(O5)C(=O)CO,4.897788193684466e-05,0.3,0,0.071522444,0.021535128,0.10738695
COc1c(O)c(Cl)c(Cl)c(Cl)c1Cl,9.549925860214367e-05,0.3,0,0.06111455,0.0095439255,0.07318249
O=c2c(C3CCCc4ccccc43)c(O)c1ccccc1o2,0.0014454397707459,0.3,0,0.045137733,0.00953719,0.07630938
CCCCC(C)O,0.1288249551693134,0.3,0,0.10593411,0.083467335,0.21555874
Cc1cccc(C)c1C,0.0006309573444801,0.3,0,0.020950794,0.036263376,0.07965106
c1ccncc1,5.7543993733715695,0.3,0,2.8585963,0.9973409,6.5557585
CC(C)C(C)C,0.0002238721138568,0.3,0,0.05286163,0.032024592,0.04816428
C1Cc2cccc3cccc1c23,2.344228815319923e-05,0.3,0,0.042123407,0.0067531765,0.08478302
Cc1c2ccccc2cc3ccccc13,1.288249551693135e-06,0.3,0,0.043632627,0.019153595,0.07239267
CCNc1nc(NC(C)(C)C)nc(OC)n1,0.0005767664633922,0.3,0,0.024760276,-0.0049193203,0.08298463
CC(C)=CCCC(C)=CC(=O),0.0087096358995608,0.3,0,0.029663742,0.037031054,0.06962472
CC34CCC1C(CCc2cc(O)ccc12)C3CCC4(O)C#C,5.011872336272725e-05,0.3,0,0.050507754,-0.009743303,0.09876442
COCC(=O)N(C(C)C(=O)OC)c1c(C)cccc1C,0.0250610925303211,0.3,0,0.046361685,0.019635737,0.09064615
ClC(Cl)=C(c1ccc(Cl)cc1)c2ccc(Cl)cc2,1.2589254117941664e-07,0.3,0,0.015579402,-0.012712747,0.041472286
CC1(C)C(C=C(Cl)Cl)C1C(=O)OC(C#N)c2ccc(F)c(Oc3ccccc3)c2,4.6025657358135534e-08,0.3,0,0.031565785,-0.0067052245,0.05846286
NC(=N)NS(=O)(=O)c1ccc(N)cc1,0.0102329299228075,0.3,0,0.012481123,-0.05657786,0.4466005
CC4CC3C2CCC1=CC(=O)C=CC1(C)C2(F)C(O)CC3(C)C4(O)C(=O)COC(C)=O,1.258925411794166e-05,0.3,0,0.0635407,0.025209755,0.0708437
Cc1cc2ccccc2cc1C,1.9054607179632484e-05,0.3,0,0.04436177,0.028519094,0.07016954
CC(C)C(C)(C)C,4.3651583224016566e-05,0.3,0,0.05390635,0.035730332,0.07184231
CCCCC1C(=O)N(N(C1=O)c2ccccc2)c3ccccc3,0.0001548816618912,0.3,0,0.024327219,0.001211971,0.056823313
Cc1cc(=O)[nH]c(=S)[nH]1,0.0036643757464783,0.3,0,0.017353058,0.0068896413,0.082873076
O=C1NC(=O)NC(=O)C1(C)CC,0.0591561634175474,0.3,0,0.025655568,0.016331524,0.10341135
O=C1NC(=O)c2ccccc12,0.002454708915685,0.3,0,0.03214088,0.006308496,0.07543993
O=c1[nH]cnc2nc[nH]c12,0.0050582466200311,0.3,0,0.07740906,0.019717902,0.205242
CC12CC(O)C3C(CCC4=CC(=O)CCC34C)C2CCC1C(=O)CO,0.0005754399373371,0.3,0,0.07459709,0.0139270425,0.1281622
c1cc2ccc3ccc4ccc5cccc6c(c1)c2c3c4c56,9.594006315159314e-10,0.3,0,0.03424713,-0.024319917,0.045291185
Oc1cccc(O)c1,6.456542290346556,0.3,0,1.929138,0.65864336,4.665854
CC#C,0.3890451449942806,0.3,0,0.14291629,0.10255945,0.20370714
CCCCCOC(=O)CC,0.0524807460249772,0.3,0,0.059730828,0.04686442,0.07648134
CCN2c1ccccc1N(C)C(=O)c3cccnc23,0.0004742419852602,0.3,0,0.040929973,0.008694202,0.074267626
O=C(C=CC=Cc2ccc1OCOc1c2)N3CCCCC3,0.0003467368504525,0.3,0,0.032604396,0.011151224,0.081635356
COc2ncc1nccnc1n2,0.0776247116628691,0.3,0,0.09922236,-0.0014835894,0.3523263
Oc1ccc2ccccc2c1,0.0052480746024977,0.3,0,0.049438953,0.018961847,0.12280956
C(Cc1ccccc1)c2ccccc2,2.39883291901949e-05,0.3,0,0.03562382,0.00572443,0.05167368
BrC(Cl)Cl,0.028840315031266,0.3,0,0.05946508,0.044742346,0.11323774
O=C1NC(=O)NC(=O)C1(CC)CC,0.0039810717055349,0.3,0,0.018776625,0.009462208,0.09797779
CCCN(CCC)c1c(cc(cc1N(=O)=O)S(N)(=O)=O)N(=O)=O,6.9183097091893625e-06,0.3,0,0.005051136,-0.026659667,0.043332845
CCCCCc1ccccc1,2.290867652767775e-05,0.3,0,0.042491376,0.011734217,0.051918298
C1(=O)NC(=O)NC(=O)C1(O)C2(O)C(=O)NC(=O)NC2(=O),0.0102329299228075,0.3,0,0.052907646,-0.0014254451,0.11645424
CC12CCC(CC1)C(C)(C)O2,0.0181970085860998,0.3,0,0.09665853,0.022232205,0.13394392
ClC(Cl)(Cl)C(NC=O)N1C=CN(C=C1)C(NC=O)C(Cl)(Cl)Cl,6.456542290346549e-05,0.3,0,0.024448097,-0.021994352,0.045203447
CN(C)C(=O)OC1=CC(=O)CC(C)(C)C1,0.1412537544622754,0.3,0,0.035530895,0.022222519,0.110384464
CC34CCC1C(CCC2=CC(=O)CCC12O)C3CCC4(O)C#C,2.691534803926914e-05,0.3,0,0.07181999,0.0033831,0.0911977
CSSC,0.0363078054770101,0.3,0,0.10373452,0.06560454,0.1640527
O2c1ccccc1N(C)C(=O)c3cccnc23,0.0002128139045982,0.3,0,0.042618424,0.014426112,0.09182492
NC(=S)N,2.0892961308540396,0.3,0,8.473169,3.4135873,16.197556
NS(=O)(=O)c3cc2c(NC(Cc1ccccc1)NS2(=O)=O)cc3C(F)(F)F,0.0002570395782768,0.3,0,0.02345395,-0.014130235,0.050879896
CCCCCCCCCCCCCCCCCCO,3.981071705534969e-09,0.3,0,0.047604084,-0.017110527,0.03761503
CNc1ccccc1,0.0524807460249772,0.3,1,0.041160583,0.027330548,0.09744537
CC12CCC(=O)C=C1CCC3C2CCC4(C)C3CCC4(O)C#C,2.1877616239495517e-06,0.3,1,0.010115594,0.012440354,0.06175345
CC(C)C=C,0.0018620871366628,0.3,1,-0.0065393746,0.008203566,0.02496016
COC(=O)c1ccccc1C(=O)OC,0.0218776162394955,0.3,1,0.010333002,0.014927387,0.019477427
CCOc1ccc(cc1)C(C)(C)COCc3cccc(Oc2ccccc2)c3,2.511886431509582e-09,0.3,1,0.014431149,0.012022108,0.03592536
CC=C,0.083176377110267,0.3,1,0.0050812364,0.023462623,0.15941423
CCNc1nc(Cl)nc(NC(C)C)n1,0.0001412537544622,0.3,1,0.008640707,0.0032263398,0.04109323
CCCCCC1CCCC1,8.317637711026709e-07,0.3,1,0.008433491,-0.0005968213,0.035902977
Cc1ccc(C)c2ccccc12,7.244359600749906e-05,0.3,1,0.02664876,0.01719749,0.06725192
Nc1nc(O)nc2nc[nH]c12,0.0003971915494694,0.3,1,-0.013571709,-0.025324464,0.0729717
c1c(OC)c(OC)C2C(=O)OCC2c1,0.0126182753459067,0.3,1,0.011922598,0.02437687,0.04856786
c1ccc2c(c1)ccc3c2ccc4c5ccccc5ccc43,1.3489628825916533e-08,0.3,1,0.0008276701,-0.015768409,0.055931956
CN(C)C(=O)NC1CC2CC1C3CCCC23,0.0006745280276979,0.3,1,-0.0152977705,-0.018607646,0.09398371
COc1ccccc1O,0.0109647819614318,0.3,1,0.023500234,0.014759004,0.071027786
CCC2NC(=O)c1cc(c(Cl)cc1N2)S(N)(=O)=O,0.0005128613839913,0.3,1,0.011939943,0.011775225,0.051923215
Cc1ccc(cc1)N(=O)=O,0.0032359365692962,0.3,1,0.008688182,0.009790629,0.057356507
O=C1CNC(=O)N1,0.3981071705534972,0.3,1,0.08135104,0.035497814,0.15628386
OC1CCCCCC1,0.1318256738556407,0.3,1,0.07025629,0.051120758,0.20812494
CN2C(=O)CN=C(c1ccccc1)c3cc(Cl)ccc23,0.0001761976046411,0.3,1,0.018976897,0.013330847,0.07098827
c1c(NC(=O)OC(C)C(=O)NCC)cccc1,0.014791083881682,0.3,1,0.018991113,0.02525726,0.07412195
Nc3ccc2cc1ccccc1cc2c3,6.760829753919819e-06,0.3,1,0.01233837,-0.0008210838,0.053842336
CN(C)c1nc(nc(n1)N(C)C)N(C)C,0.000432513831035,0.3,1,-0.024584353,0.011407495,0.003634125
CC(=O)C1CCC2C3CCC4=CC(=O)CCC4(C)C3CCC12C,3.801893963205613e-05,0.3,1,0.009999543,0.019100428,0.06048155
CN(C)C(=O)Nc1ccc(Cl)cc1,0.0012882495516931,0.3,1,0.0040382147,0.009916097,0.043557048
NC(=O)N,9.120108393559097,0.3,1,19.371439,8.189783,35.72887
Clc1ccc2ccccc2c1,7.244359600749906e-05,0.3,1,0.03299859,0.014476389,0.06423831
Cc2ncc1nccnc1n2,0.7585775750291838,0.3,1,0.044000983,0.019204736,0.12874919
CN(=O)=O,1.8197008586099832,0.3,1,1.2185831,0.61782074,2.5059845
CCN2c1cc(N(C)C)cc(C)c1NC(=O)c3cccnc23,1.345860354055947e-05,0.3,1,0.001770258,-0.0021347106,0.053215355
Nc1ccc(Cl)cc1,0.0218776162394955,0.3,1,0.009132683,0.0075604916,0.060542136
O=C2NC(=O)C1(CCCCC1)C(=O)N2,0.000870963589956,0.3,1,0.030738443,0.0188784,0.08931616
CCI,0.0251188643150957,0.3,1,0.040129215,0.008232743,0.031686872
CON(C)C(=O)Nc1ccc(Cl)c(Cl)c1,0.0002558585886905,0.3,1,0.029022425,0.013418734,0.06388727
CCCCCCCO,0.0154881661891248,0.3,1,0.066723734,0.039051116,0.19531192
CC(C)(C)Cc1ccccc1,7.079457843841373e-05,0.3,1,0.03257978,0.003440529,0.05260822
OCC(NC(=O)C(Cl)Cl)C(O)c1ccc(cc1)N(=O)=O,0.0077446179780251,0.3,1,0.03693661,0.020572633,0.10949585
O=N(=O)c1ccc(cc1)N(=O)=O,0.0004073802778041,0.3,1,0.003924668,-0.017596424,0.05019018
CN(C)C(=O)Nc1ccccc1,0.0251188643150957,0.3,1,0.0054679215,0.017303646,0.04698217
CCC(C)C(C)C,5.248074602497723e-05,0.3,1,0.011046708,0.011000127,0.034984827
Nc1ccccc1,0.3890451449942806,0.3,1,0.025813878,0.024297535,0.10531911
CCN2c1cc(Cl)ccc1NC(=O)c3cccnc23,4.365158322401657e-06,0.3,1,0.007209122,-0.009486586,0.058911562
CC(=O)OC3(C)CCC4C2CCC1=CC(=O)CCC1(C)C2CCC34C,5.199959965335162e-06,0.3,1,0.0167301,0.02291596,0.05056438
Clc1cc(Cl)c(Cl)c(c1Cl)c2c(Cl)c(Cl)cc(Cl)c2Cl,7.079457843841372e-10,0.3,1,0.0038894713,0.007918358,0.042613387
C1CCC2CCCCC2C1,6.456542290346549e-06,0.3,1,0.01293087,0.0019213259,0.071217656
COP(=O)(NC(C)=O)SC,3.4673685045253166,0.3,1,0.72236323,0.26677674,1.9522798
CC(C)Cc1ccccc1,7.585775750291836e-05,0.3,1,0.029876113,0.014137745,0.058343917
CC(C)CC(C)C,5.495408738576248e-05,0.3,1,0.022976905,0.010612458,0.035837322
Cc1ccc(cc1N(=O)=O)N(=O)=O,0.0015135612484362,0.3,1,0.0036160946,-0.002875477,0.069806755
O(c1ccccc1)c2ccccc2,0.0001096478196143,0.3,1,0.01729235,0.014584452,0.04361081
O=C1NC(=O)NC(=O)C1(CC)CC=C(C)C,0.0055847019473683,0.3,1,0.0033655167,0.0025221705,0.042776614
O=C1NC(=O)NC(=O)C1(CC)C(C)CC,0.0040738027780411,0.3,1,0.012830973,0.015648901,0.0626792
CCCCCCCC,5.754399373371567e-06,0.3,1,-0.0027888715,0.0048463345,0.03431055
CCCCCCC,2.951209226666384e-05,0.3,1,-0.0020458996,0.0027139783,0.0444839
CCOC(=O)CC(SP(=S)(OC)OC)C(=O)OCC,0.0004265795188015,0.3,1,0.029567987,0.036773473,0.056701988
C=CCS(=O)SCC=C,0.1479108388168207,0.3,1,0.033701062,0.03020078,0.06723371
CON(C)C(=O)Nc1ccc(Cl)cc1,0.0026915348039269,0.3,1,0.028014332,0.01716438,0.068134695
c1ccc2cc3c4cccc5cccc(c3cc2c1)c45,3.235936569296281e-09,0.3,1,-0.010534823,-0.020616174,0.05319813
CCO,12.589254117941676,0.3,1,8.962518,3.4882293,16.082447
O=C2CN(N=Cc1ccc(o1)N(=O)=O)C(=O)N2,0.0004168693834703,0.3,1,0.019209236,0.004279524,0.09179658
O=C1CCC(=O)N1,1.9952623149688795,0.3,1,0.081297636,0.045978606,0.15001869
C2c1ccccc1N(CCF)C(=O)c3ccccc23,1.5885467485977773e-05,0.3,1,0.0168356,0.0164558,0.060810864
N(=Nc1ccccc1)c2ccccc2,3.5481338923357534e-05,0.3,1,0.019799292,0.018049806,0.0752089
CBr,0.1621810097358929,0.3,1,0.21955682,0.079820424,0.41589364
ClC(Cl)(Cl)C(NC=O)N1C=CN(C=C1)C(NC=O)C(Cl)(Cl)Cl,6.456542290346549e-05,0.3,1,0.0064843595,-0.012587041,0.0112502575
CCCC(O)CC,0.1584893192461113,0.3,1,0.07259306,0.07140848,0.21425512
CC(=O)SC4CC1=CC(=O)CCC1(C)C5CCC2(C)C(CCC23CCC(=O)O3)C45,6.714288529259523e-05,0.3,1,0.013904184,0.026065081,0.06138739
Cl\C=C/Cl,0.0501187233627272,0.3,1,0.025493264,0.040842593,0.10532123
OCC2OC(OC1(CO)OC(CO)C(O)C1O)C(O)C(O)C2O,6.165950018614822,0.3,1,0.3329845,0.16577289,1.2149397
CCOP(=S)(OCC)Oc1nc(Cl)c(Cl)cc1Cl,2.1379620895022326e-06,0.3,1,0.01736492,0.013154447,0.06888506
Clc1ccc(Cl)c(Cl)c1,0.0002570395782768,0.3,1,0.021550715,0.0078006387,0.06083706
CCN(CC)C(=O)C(C)Oc1cccc2ccccc12,0.0002691534803926,0.3,1,0.020894796,0.023133934,0.067923814
CCCCCC(=O)OCC,0.0044668359215096,0.3,1,0.028850824,0.030338138,0.056180865
CCNP(=S)(OC)OC(=CC(=O)OC(C)C)C,0.0003908408957924,0.3,1,0.02730614,0.023833454,0.05775082
O=c2[nH]c(=O)c1[nH]c(=O)[nH]c1[nH]2,0.0001174897554939,0.3,1,0.0015233755,-0.0071855187,0.0736703
CC(C)OC=O,0.2344228815319922,0.3,1,0.06841132,0.05793065,0.11381179
O=C1N(COC(=O)CC)C(=O)C(N1)(c2ccccc2)c3ccccc3,1.238796586530369e-05,0.3,1,0.0019491017,0.005680591,0.05020225
CC(C)N(C(C)C)C(=O)SCC(Cl)=C(Cl)Cl,1.3182567385564074e-05,0.3,1,0.017133355,0.026881397,0.054947585
NC(=O)NC1NC(=O)NC1=O,0.0251188643150957,0.3,1,0.02069071,0.020252168,0.21255653
CCCCCCCCCC(=O)OC,2.041737944669527e-05,0.3,1,0.0047929585,0.013255149,0.025933564
COCCCNc1nc(NC(C)C)nc(SC)n1,0.0011803206356517,0.3,1,0.011129826,0.010493457,0.043510944
CCCCCCBr,0.0001548816618912,0.3,1,0.008349091,0.013392329,0.041760206
C1c2ccccc2c3ccc4ccccc4c13,2.0892961308540409e-07,0.3,1,0.0037819743,-0.0060337186,0.056146443
CCCCC(C)(C)O,0.083176377110267,0.3,1,0.0867556,0.04869762,0.18762258
CCCCC(C)O,0.1288249551693134,0.3,1,0.074007064,0.05942163,0.20427702
FC(F)(Cl)C(F)(F)Cl,0.0018197008586099,0.3,1,0.036231577,0.030396134,0.07251549
CCCC(=O)C,0.6456542290346555,0.3,1,0.11378753,0.08556819,0.22916688
CCNc1nc(Cl)nc(NC(C)(C)C#N)n1,0.0007079457843841,0.3,1,-0.0019356608,0.005066991,0.049636662
Clc1ccccc1,0.0041686938347033,0.3,1,0.035046726,0.028176636,0.08593786
c1ccc2c3c(ccc2c1)c4cccc5cccc3c45,1e-08,0.3,1,-0.012863845,-0.021915019,0.05609408
CCOP(=S)(OCC)Oc1cc(C)nc(n1)C(C)C,0.0002290867652767,0.3,1,0.024819613,0.024954438,0.08811256
c1ccc2c(c1)ccc3c4ccccc4ccc23,8.77000821143634e-09,0.3,1,0.009199679,-0.010445803,0.05742681
CCCCCC(C)O,0.0281838293126445,0.3,1,0.05352825,0.045839816,0.1824637
CC34CC(O)C1(F)C(CCC2=CC(=O)C=CC12C)C3CC(O)C4(O)C(=O)CO,0.0002089296130854,0.3,1,0.04095456,0.03310767,0.13144612
c1cc2ccc3cccc4ccc(c1)c2c34,6.668067692136218e-07,0.3,1,0.0032172203,-0.013708234,0.062303066
CCCCl,0.0338844156139202,0.3,1,0.06832138,0.064142734,0.1031895
CNC(=O)Oc1cccc2CC(C)(C)Oc12,0.0015848931924611,0.3,1,0.019737273,0.02718848,0.053688586
Clc1cccc(c1)N(=O)=O,0.0016982436524617,0.3,1,0.021426916,0.01270473,0.068703175
COc1ccc(C=O)cc1,0.0323593656929628,0.3,1,0.009647131,0.0018110871,0.023415387
c1ccsc1,0.0467735141287198,0.3,1,0.034464806,-0.00040659308,0.035512686
Oc1cccc(Cl)c1,0.1995262314968879,0.3,1,0.03903997,0.011043012,0.116110384
COc2cnc1cncnc1n2,0.1230268770812381,0.3,1,0.0154385865,0.0023086667,0.08031899
Cc1cc2c3ccccc3ccc2c4ccccc14,2.691534803926914e-07,0.3,1,0.009278983,-0.006940663,0.0581024
Cc1ccc(O)cc1,0.1862087136662867,0.3,1,0.02584222,0.0041567683,0.086815506
CNC(=O)Oc1ccccc1OC(C)C,0.0089125093813374,0.3,1,0.01134482,0.022904128,0.044367462
ClC1(C(=O)C2(Cl)C3(Cl)C14Cl)C5(Cl)C2(Cl)C3(Cl)C(Cl)(Cl)C45Cl,5.508076964054029e-06,0.3,1,-0.032777876,0.019279689,0.12693235
CCCCC(CC)C=O,0.0074131024130091,0.3,1,0.023959339,0.02368483,0.089092076
Cc1cc(C)cc(C)c1,0.0003981071705534,0.3,1,-0.00012937188,0.007472694,0.047323823
CC34CCC1C(CCC2CC(=O)CCC12C)C3CCC4O,1.8071741260109257e-05,0.3,1,0.02194801,0.028700262,0.08031893
O=C1NCCN1c2ncc(s2)N(=O)=O,0.0006025595860743,0.3,1,-0.0076808333,-0.0051416755,0.06491038
Cc1cccc(N)c1,0.1412537544622754,0.3,1,0.017949164,0.018664539,0.08254403
Clc1cc(Cl)cc(Cl)c1,3.3113112148259076e-05,0.3,1,0.02753669,0.012195706,0.04900974
CCCCCCCBr,3.715352290971728e-05,0.3,1,0.0046215057,0.010032862,0.032341212
Ic1cccc2ccccc12,2.818382931264455e-05,0.3,1,0.024593085,0.007041812,0.06259823
C1C(O)CCC2(C)CC3CCC4(C)C5(C)CC6OCC(C)CC6OC5CC4C3C=C21,4.78630092322638e-08,0.3,2,0.0023014545,-0.011838704,-0.01869902
Oc1cccc2ccccc12,0.0060255958607435,0.3,2,-0.0063358545,-0.008479208,0.04023528
CSc1nnc(c(=O)n1N)C(C)(C)C,0.0055847019473683,0.3,2,-0.0056177974,-0.020159036,0.07276037
CC(Cl)CCl,0.0251188643150957,0.3,2,0.036415666,0.025736064,0.10364875
Cc1ccccc1,0.0061659500186148,0.3,2,0.030017048,0.0026905239,0.12849006
Cc1ccncc1C,2.290867652767773,0.3,2,1.9039083,1.624732,2.85841
COc1ccc(cc1)C(c2ccc(OC)cc2)C(Cl)(Cl)Cl,1.2882495516931348e-07,0.3,2,-0.028388917,-0.019729137,0.019373208
CN(C=Nc1ccc(C)cc1C)C=Nc2ccc(C)cc2C,3.3884415613920275e-06,0.3,2,-0.009082705,-0.021844983,0.037435263
CC(C)C1CCC(C)CC1O,0.0029512092266663,0.3,2,0.0033707917,0.03023079,0.014342636
Cc1ccc(C)cc1,0.0016982436524617,0.3,2,0.0035906434,-0.021050513,0.08145136
CCC1(C(=O)NC(=O)NC1=O)C2=CCCCC2,0.0067608297539198,0.3,2,0.0048814416,-0.014666498,0.035980284
Clc1cccc(I)c1,0.0002818382931264,0.3,2,-0.008218288,-0.008265138,0.045502722
CCNc1nc(Cl)nc(NC(C)C)n1,0.0001412537544622,0.3,2,-0.024518847,-0.026276946,0.028048456
CCN(CC(C)=C)c1c(cc(cc1N(=O)=O)C(F)(F)F)N(=O)=O,7.516228940182061e-07,0.3,2,-0.013236791,-0.029162824,0.027579308
N(Nc1ccccc1)c2ccccc2,0.0012022644346174,0.3,2,0.01129356,-0.0056099594,0.06746504
O=C1N(COC(=O)C)C(=O)C(N1)(c2ccccc2)c3ccccc3,3.3884415613920276e-05,0.3,2,-0.007891685,-0.011591256,0.029905915
ClC(Br)Br,0.0125892541179416,0.3,2,-0.009905547,-0.01958388,0.036920756
CCOc1ccccc1,0.0046773514128719,0.3,2,0.0076753795,0.0063197017,0.07276988
CC(OC(=O)Nc1cccc(Cl)c1)C#C,0.0024154608344449,0.3,2,-0.0068570673,-0.0005762279,0.039013207
c1ccc2cnccc2c1,0.0354813389233575,0.3,2,0.029706806,0.0033834279,0.1112847
OC4=C(C1CCC(CC1)c2ccc(Cl)cc2)C(=O)c3ccccc3C4=O,1.1721953655481305e-06,0.3,2,-0.0057017207,-0.015589744,0.02728039
CC=C(C(=CC)c1ccc(O)cc1)c2ccc(O)cc2,1.122018454301963e-05,0.3,2,0.0030683875,-0.0013438761,0.051083833
Oc1cccc(c1)N(=O)=O,0.097723722095581,0.3,2,0.004127741,0.00954169,0.046677142
C1CCCCC1,0.0007943282347242,0.3,2,0.030910403,0.0036910474,0.084921956
Brc1ccc(Br)cc1,8.51138038202376e-05,0.3,2,-0.014718324,-0.01749134,0.030025125
Cc1ccc(O)c(C)c1,0.0645654229034655,0.3,2,0.039560348,0.005817771,0.12896189
c1(C(C)(C)C)cc(C(C)(C)C)cc(OC(=O)NC)c1,5.7543993733715664e-05,0.3,2,-0.016746223,-0.011389375,0.0039543808
CSSC,0.0363078054770101,0.3,2,0.2987984,0.23412964,0.49929833
CC(C)(C)Cc1ccccc1,7.079457843841373e-05,0.3,2,-0.0169352,-0.0039386153,0.05375895
Clc1ccc(c(Cl)c1)c2ccc(Cl)c(Cl)c2Cl,1.5848931924611143e-08,0.3,2,-0.0032325387,-0.0015330911,0.034585327
CC12CCC3C(CCC4=CC(=O)CCC34C)C2CCC1C(=O)CO,0.0003548133892335,0.3,2,0.0084638,-0.008761674,0.027611196
CCCC(=C)C,0.0009332543007969,0.3,2,-0.028483003,-0.017983079,0.041565448
CC(=C)C1CC=C(C)C(=O)C1,0.0087096358995608,0.3,2,0.005901456,0.0030536652,0.043314606
Cc1cccc(C)c1C,0.0006309573444801,0.3,2,0.010054082,-0.0055567324,0.09729245
N#Cc1ccccc1,0.1,0.3,2,0.013347924,0.008613527,0.10213432
O=N(=O)c1cccc(c1)N(=O)=O,0.0051286138399136,0.3,2,-0.0050735474,-8.261204e-05,0.022369653
C=CC=C,0.0134896288259165,0.3,2,0.30206183,0.18869162,0.6713018
CC12CCC3C(CCC4=CC(=O)CCC34C)C2CCC1O,9.549925860214367e-05,0.3,2,0.0026825666,-0.014754027,-0.004265636
NC(=O)c1ccccc1,0.1096478196143185,0.3,2,0.014586419,0.0068496466,0.079913676
CN(C)c1ccccc1,0.0120226443461741,0.3,2,0.06218192,0.06297153,0.33023876
O=C1NC(=O)NC(=O)C1(C(C)CCC)CC=C,0.0044055486350655,0.3,2,0.0027791262,0.0071947575,0.03849721
CCBr,0.0812830516164099,0.3,2,0.04919362,0.027228534,0.11785111
CC(C)NC(=O)N1CC(=O)N(C1=O)c2cc(Cl)cc(Cl)c2,4.2072662838444376e-05,0.3,2,0.0036813617,-0.01895392,0.034635574
CC(=O)SC4CC1=CC(=O)CCC1(C)C5CCC2(C)C(CCC23CCC(=O)O3)C45,6.714288529259523e-05,0.3,2,0.009447336,-0.015601605,0.009716332
Oc1c(Cl)cc(Cl)cc1Cl,0.0045708818961487,0.3,2,0.0070823133,-0.006111443,0.039280087
ClC(Cl)(Cl)C(NC=O)N1C=CN(C=C1)C(NC=O)C(Cl)(Cl)Cl,6.456542290346549e-05,0.3,2,-0.039056867,-0.01096186,-0.00018519163
NS(=O)(=O)c2cc1c(NCNS1(=O)=O)cc2Cl,0.0023442288153199,0.3,2,-0.0035094023,0.0009212196,0.0450691
CCCN(CCC)c1c(cc(cc1N(=O)=O)C(F)(F)F)N(=O)=O,2.0892961308540407e-06,0.3,2,-0.011388332,-0.026425153,0.02699253
O=C1c2ccccc2C(=O)c3ccccc13,6.456542290346549e-06,0.3,2,-0.003123492,-0.0068912506,0.023231417
CC12CC(=O)C3C(CCC4=CC(=O)CCC34C)C2CCC1(O)C(=O)CO,0.0007762471166286,0.3,2,0.0117382705,-0.010425597,0.025262266
Fc1cccc(Br)c1,0.0021379620895022,0.3,2,-0.0011900365,-0.0066586435,0.05093801
CCCCC(C)O,0.1288249551693134,0.3,2,0.061208546,0.07103914,0.20567909
CC(C)OC(=O)C(O)(c1ccc(Br)cc1)c2ccc(Br)cc2,1.1748975549395302e-05,0.3,2,-0.017638654,-0.015656203,0.00046896935
c2ccc1NCCc1c2,0.0912010839355909,0.3,2,-0.008315861,-0.01052317,0.04419577
c1cc2ccc3ccc4ccc5ccc6ccc1c7c2c3c4c5c67,4.6558609352295814e-10,0.3,2,-0.03952834,-0.029120475,-0.010750085
CCCc1ccccc1,0.0004265795188015,0.3,2,-0.005345911,-0.0009871423,0.06683773
CC(C)c1ccc(C)cc1O,0.0060255958607435,0.3,2,-0.00055861473,-0.0028317869,0.0665659
CC(=O)OC3(CCC4C2CCC1=CC(=O)CCC1C2CCC34C)C#C,1.584893192461114e-05,0.3,2,0.0049307346,-0.005182773,0.0030234456
CCCCC(CC)CO,0.0077624711662869,0.3,2,-0.0031919181,-0.0057211816,0.076244086
OCC2OC(OC1(CO)OC(CO)C(O)C1O)C(O)C(O)C2O,6.165950018614822,0.3,2,0.023225635,0.033474892,0.10635981
COC(=O)C=C,0.6025595860743578,0.3,2,0.62283003,0.5386884,1.0558242
O=C1NC(=O)NC(=O)C1(CC)C(C)CCC,0.0040738027780411,0.3,2,0.0010388792,0.0052996874,0.03704256
CCCCS,0.0066069344800759,0.3,2,0.016583443,0.011980355,0.07511276
CSCS(=O)CC(CO)NC(=O)C=Cc1c(C)[nH]c(=O)[nH]c1=O,0.0104472021922079,0.3,2,0.01438126,0.017363459,0.083156615
CC34CCC1C(CCC2=CC(=O)CCC12C)C3CCC4=O,0.0002041737944669,0.3,2,0.012654424,-0.01574269,0.013505816
CCCSCCC,0.0026302679918953,0.3,2,-0.0002618134,0.0035075247,0.071270585
CC(C)OP(=S)(OC(C)C)SCCNS(=O)(=O)c1ccccc1,6.309573444801929e-05,0.3,2,-0.0027130246,0.0017261207,0.037438273
ClCC,0.087096358995608,0.3,2,0.12042448,0.07781723,0.21682535
Cc1ccc(cc1)S(=O)(=O)N,0.0181970085860998,0.3,2,0.013049573,0.020389766,0.07668382
O=C1NC(=O)c2ccccc12,0.002454708915685,0.3,2,0.0059877336,0.0008069277,0.033972204
CC=C,0.083176377110267,0.3,2,0.04493302,0.11981407,0.32995915
ICI,0.0045708818961487,0.3,2,0.03622511,0.011726826,0.081430525
CCOP(=S)(OCC)Oc2ccc1oc(=O)c(Cl)c(C)c1c2,4.149540426343624e-06,0.3,2,-0.0011315942,-0.008129448,0.021745503
COc1ccc(C=O)cc1,0.0323593656929628,0.3,2,0.012344867,0.011819154,0.07590577
Ic1ccccc1,0.0009772372209558,0.3,2,-0.0036373138,0.004184574,0.060973585
CCN2c1nc(C)cc(C)c1NC(=O)c3cccnc23,2.792543841237342e-05,0.3,2,-0.0089432895,-0.010127336,0.04169792
c1cccc2c3c(C)cc4ccccc4c3ccc12,2.570395782768865e-07,0.3,2,-0.0063676834,-0.011356652,0.029145002
O=C2NC(=O)C1(CCCCCCC1)C(=O)N2,0.0010423174293933,0.3,2,0.006875813,-0.006399691,0.04392636
Sc1ccccc1,0.0075857757502918,0.3,2,0.01178515,-0.010902286,0.084320635
CN(C)C(=O)Oc1cc(C)nn1c2ccccc2,0.0081283051616409,0.3,2,-0.0043863654,-0.009070903,0.060036153
ClCc1ccccc1,0.0040738027780411,0.3,2,0.0037499666,0.0054296553,0.068965524
Clc1ccc(Br)cc1,0.0002344228815319,0.3,2,-0.008612782,-0.011901349,0.035859287
CC(=O)Nc1ccc(F)cc1,0.0165958690743756,0.3,2,0.0193775,0.0039542913,0.06700513
COC(=O)C1=C(C)NC(=C(C1c2ccccc2N(=O)=O)C(=O)OC)C,1.7378008287493764e-05,0.3,2,0.004589379,-0.004450172,0.024899274
CCCCCCCCCC(=O)OC,2.041737944669527e-05,0.3,2,-0.009565353,-0.00081542134,0.066709846
Nc1nc[nH]n1,3.326595532940045,0.3,2,1.6801231,1.4612567,2.5647943
C1CCC=CC1,0.0025703957827688,0.3,2,0.028434455,-0.0028654933,0.091729134
o1c2ccccc2c3ccccc13,2.5118864315095825e-05,0.3,2,-0.0029105544,-0.0053831935,0.036768317
CCCC(O)CCC,0.0398107170553497,0.3,2,0.024811774,0.03403181,0.109325975
CCCCC(CC)COC(=O)c1ccccc1C(=O)OCC(CC)CCCC,1.0964781961431853e-07,0.3,2,-0.017474294,-0.017113447,0.025723726
COc2c1occc1c(OC)c3c(=O)cc(C)oc23,0.0009527961640236,0.3,2,0.0017897487,0.0018573999,0.035175025
CC1(C)CON(Cc2ccccc2Cl)C1=O,0.0045919801283686,0.3,2,-0.001808852,-0.012492061,0.0523901
CNC(=O)Oc1cccc2ccccc12,0.0005970352865838,0.3,2,0.0013126433,-0.00021997094,0.04283923
CCCC1C(=O)N3N(C1=O)c2cc(C)ccc2N=C3N(C)C,0.0002897343587701,0.3,2,-0.016435504,-0.03426525,0.009147882
CC(C)CCC(C)(C)C,8.91250938133746e-06,0.3,2,-0.03618914,-0.024602383,0.041397244
CC(C)C(C)(C)C,4.3651583224016566e-05,0.3,2,-0.01397568,-0.019452184,0.08566022
CCNc1nc(NC(C)(C)C)nc(SC)n1,0.0001,0.3,2,-0.03488612,-0.041828692,0.015436143
OCC(NC(=O)C(Cl)Cl)C(O)c1ccc(cc1)N(=O)=O,0.0077446179780251,0.3,2,0.007101923,0.004021555,0.049221575
Clc1cccc(Cl)c1c2ccccc2,6.165950018614822e-06,0.3,2,-0.000880301,-0.004183978,0.046239585
NS(=O)(=O)c2cc1c(NC(NS1(=O)=O)C(Cl)Cl)cc2Cl,0.002089296130854,0.3,2,-0.014613688,-0.008437753,0.023817211
Clc1cc(Cl)c(cc1Cl)c2cc(Cl)c(Cl)cc2Cl,2.754228703338163e-09,0.3,2,0.0011489987,-0.0012605786,0.033144355
O=C1CCC(=O)N1,1.9952623149688795,0.3,2,0.057445884,0.017672569,0.13518885
C=CCC=C,0.0081283051616409,0.3,2,-0.0011239946,0.016968101,0.08791399
Clc1ccc(cc1)c2cccc(Cl)c2Cl,5.128613839913648e-07,0.3,2,-0.002964586,-0.0062502623,0.037984937
O=C1NC(=O)NC(=O)C1(CC=C)c1ccccc1,0.0042756288615158,0.3,2,-0.0066666603,-0.010037631,0.03183222
CC34CCc1c(ccc2cc(O)ccc12)C3CCC4=O,5.754399373371567e-06,0.3,2,0.0067325532,-0.015715599,0.021601886
C1N(C(=O)NCC(C)C)C(=O)NC1,0.0070794578438413,0.3,2,0.0157623,0.0037926733,0.05283925
Nc1ccccc1,0.3890451449942806,0.3,2,0.06370363,0.017956704,0.20108022
CCC1(C(=O)NC(=O)NC1=O)C2=CCC3CCC2C3,0.0020137242498623,0.3,2,-0.008241862,-0.02396658,0.011953235
Cc1[nH]c(=O)n(c(=O)c1Cl)C(C)(C)C,0.0032809529311311,0.3,2,0.016287655,-0.0043235123,0.055425495
CI,0.1,0.3,2,0.23501262,0.18880424,0.39970377
Clc1cc(Cl)c(Cl)c(Cl)c1,2.344228815319923e-05,0.3,2,0.0067911744,6.940961e-05,0.045389652
Cn1cnc2n(C)c(=O)[nH]c(=O)c12,0.0029991625189876,0.3,2,0.01911065,0.00067290664,0.11136669
CCCCC(C)CC,6.9183097091893625e-06,0.3,3,-0.006630391,-0.022109449,0.0028015673
O=C1NC(=O)NC(=O)C1(C(C)CCC)CC=C,0.0044055486350655,0.3,3,0.022147745,0.0085558,0.03580886
CCCCc1c(C)nc(NCC)nc1OS(=O)(=O)N(C)C,6.918309709189363e-05,0.3,3,0.007326126,-0.0041128993,0.024207264
Clc1ccc2ccccc2c1,7.244359600749906e-05,0.3,3,0.012966305,0.00855729,0.028247356
CCCCCCCCCC(=O)OCC,7.943282347242822e-05,0.3,3,0.00052428246,-0.01607126,0.01804921
CC(=O)CC(c1ccccc1)c3c(O)c2ccccc2oc3=O,0.0001279381304157,0.3,3,0.031809747,0.008703887,0.060224444
CCOC(=O)Nc2cccc(OC(=O)Nc1ccccc1)c2,2.3334580622810045e-05,0.3,3,0.0068280995,-0.00038519502,0.022581965
NC(=N)NS(=O)(=O)c1ccc(N)cc1,0.0102329299228075,0.3,3,0.01380831,-0.03351757,0.06400442
ClCC,0.087096358995608,0.3,3,0.15955353,0.07577744,0.20167795
CCCC(C)CO,0.0776247116628691,0.3,3,0.05907941,0.030104965,0.12635615
c1ccccc1NC(=O)c2c(O)cccc2,0.0002570395782768,0.3,3,0.016372204,0.015443593,0.03449291
CCOP(=S)(OCC)SCn1c(=O)oc2cc(Cl)ccc12,5.847900841444812e-06,0.3,3,0.022514164,-0.0024012625,0.043477207
CC(=O)OCC(=O)C1(O)CCC2C3CCC4=CC(=O)CCC4(C)C3C(O)CC21C,1.3182567385564074e-05,0.3,3,0.018814087,-0.006149113,0.050612986
CC1OC(CC(O)C1O)OC2C(O)CC(OC2C)OC8C(O)CC(OC7CCC3(C)C(CCC4C3CC(O)C5(C)C(CCC45O)C6=CC(=O)OC6)C7)OC8C,8.298507675144218e-05,0.3,3,0.020845085,-0.0027709007,0.09521791
CCOC(=O)C,0.9120108393559098,0.3,3,1.9751892,1.6626229,2.824427
Cc1cc(C)c(C)cc1C,2.5703957827688645e-05,0.3,3,0.008215189,0.008533716,0.03920275
C=CCCC=C,0.002089296130854,0.3,3,0.008805454,0.0034467578,0.029912412
C1CCCCCCC1,7.079457843841373e-05,0.3,3,0.027265966,-0.033320844,0.16975707
Cc1cccc2c1ccc3ccccc32,1.4125375446227554e-06,0.3,3,0.012593955,0.0018229187,0.025225848
CCc1ccccc1C,0.0006165950018614,0.3,3,0.0045451224,-0.001124382,0.019763947
CCOc1ccccc1,0.0046773514128719,0.3,3,0.018385231,0.0010789633,0.03447622
Oc1cccc2cccnc12,0.0038018939632056,0.3,3,0.03470993,0.0064695776,0.058544904
CC13CCC(=O)C=C1CCC4C2CCC(C(=O)CO)C2(CC(O)C34)C=O,0.0001412537544622,0.3,3,0.018992335,0.0077320337,0.08288255
CC(C)C(C(=O)OC(C#N)c1cccc(Oc2ccccc2)c1)c3ccc(OC(F)F)cc3,1.33045441797809e-07,0.3,3,0.008343518,0.0051900446,0.023969054
Clc1cc(Cl)c(cc1Cl)c2cccc(Cl)c2Cl,6.165950018614822e-08,0.3,3,0.021284819,0.008767128,0.032931715
CCNc1nc(NC(C)C)nc(SC)n1,0.0009120108393559,0.3,3,0.012754738,0.013314158,0.034496665
CN(C)C(=O)Nc1cccc(OC(=O)NC(C)(C)C)c1,0.0011748975549395,0.3,3,0.011985004,0.0014791489,0.017448872
c1ccccc1,0.0229086765276777,0.3,3,0.018618375,0.025536448,0.0045281053
CCC1(CC)C(=O)NC(=O)N(C)C1=O,0.0058884365535558,0.3,3,0.03625706,0.015674502,0.09932241
O=C(Cn1ccnc1N(=O)=O)NCc2ccccc2,0.0015488166189124,0.3,3,0.0047825575,0.00052526593,0.04567176
Cc1ccc(cc1N(=O)=O)N(=O)=O,0.0015135612484362,0.3,3,0.016218662,0.007671118,0.02841705
NC(=O)CCl,0.954992586021436,0.3,3,7.3931394,6.3532095,9.771824
CCCCCCCCCCCCCC,1.0964781961431853e-08,0.3,3,-0.007794738,-0.025345951,0.0033559203
C1=Cc2cccc3cccc1c23,0.0001096478196143,0.3,3,0.000813216,-0.005822122,0.031520456
CNC(=O)ON=C(CSC)C(C)(C)C,0.0239883291901948,0.3,3,0.025870562,-0.012183905,0.08181092
Nc1nc[nH]n1,3.326595532940045,0.3,3,1.182915,0.7380443,1.4629233
CC(C)C(=O)C(C)C,0.0501187233627272,0.3,3,0.051588297,0.010619998,0.09460634
O=C1NC(=O)NC(=O)C1(CC)C(C)CCC,0.0040738027780411,0.3,3,0.019461423,0.00017222762,0.030891597
CCC(C)c1cc(cc(N(=O)=O)c1O)N(=O)=O,0.0004168693834703,0.3,3,0.01353991,0.0063409507,0.024343163
ClC(Cl)Cl,0.0676082975391981,0.3,3,0.025688052,0.023252577,0.060601622
c1ccc2c(c1)c3cccc4cccc2c34,1e-06,0.3,3,0.0093616545,-0.007893324,0.029286563
O=N(=O)c1c(Cl)c(Cl)ccc1,0.0003311311214825,0.3,3,0.018305093,0.007586688,0.034181178
CNc2cnn(c1cccc(c1)C(F)(F)F)c(=O)c2Cl,8.994975815300346e-05,0.3,3,0.016724408,0.007044375,0.041736364
Cc1c(C)c2c3ccccc3ccc2c4ccccc14,9.772372209558112e-08,0.3,3,0.01962006,0.0011379123,0.03252572
N(Nc1ccccc1)c2ccccc2,0.0012022644346174,0.3,3,0.023695707,0.018002838,0.07002172
Clc1ccccc1Cl,0.0008912509381337,0.3,3,0.017571598,0.0053013265,0.038560778
OCCCC=C,0.7079457843841379,0.3,3,0.43484086,0.35621506,0.6984518
CCCCCCC(C)O,0.0081283051616409,0.3,3,0.02832219,0.010125279,0.0763756
COCOC,3.019951720402016,0.3,3,5.4163327,4.9227543,6.44544
CC(C)(C)c1ccc(O)cc1,0.0038904514499428,0.3,3,0.012510657,0.0042604804,0.03946951
Nc1ccc(Cl)cc1,0.0218776162394955,0.3,3,0.022891074,0.017773032,0.06260112
CCOc1ccc(cc1)C(C)(C)COCc3cccc(Oc2ccccc2)c3,2.511886431509582e-09,0.3,3,0.0045356452,0.002607137,0.02482006
CCCCNC(=O)n1c(NC(=O)OC)nc2ccccc12,1.309181922999407e-05,0.3,3,0.019894332,0.0052317083,0.029933274
CN(C)C(=O)NC1CCCCCCC1,0.0060534087475391,0.3,3,0.42864695,0.32345796,0.6669947
CCCCCCCBr,3.715352290971728e-05,0.3,3,0.002889961,-0.0151717365,0.02581665
CC(=O)OC3(CCC4C2C=C(C)C1=CC(=O)CCC1(C)C2CCC34C)C(C)=O,4.466835921509635e-06,0.3,3,0.0171614,-0.0006236732,0.038893282
CC(=O)CC(c1ccc(Cl)cc1)c2c(O)c3ccccc3oc2=O,1.4487718535447602e-06,0.3,3,0.030445337,0.007656902,0.05796981
Cc2c(N)c(=O)n(c1ccccc1)n2C,0.2376840286624876,0.3,3,0.032063156,0.010196388,0.08139482
ClC1=C(Cl)C(Cl)(C(=C1Cl)Cl)C2(Cl)C(=C(Cl)C(=C2Cl)Cl)Cl,5.272298614228232e-08,0.3,3,0.009582281,0.01626727,0.058547974
CC12CCC(CC1)C(C)(C)O2,0.0229086765276777,0.3,3,0.040504336,0.0028043985,0.100346416
Clc1ccc(Cl)c(c1)c2cc(Cl)c(Cl)c(Cl)c2Cl,2.0892961308540408e-08,0.3,3,0.02058521,0.010220289,0.036354482
Nc1cccc(Cl)c1,0.0426579518801592,0.3,3,0.026510388,0.014966577,0.0603202
Nc1ccccc1Cl,0.0301995172040201,0.3,3,0.028385341,0.014829487,0.0575082
Cc1cc2c3ccccc3ccc2c4ccccc14,2.691534803926914e-07,0.3,3,0.013031542,-0.0026760101,0.024385154
C=C,0.3981071705534972,0.3,3,0.14852029,-0.07153088,0.20980473
CCI,0.0251188643150957,0.3,3,0.06564182,0.032027304,0.10176891
Cc1cc(C)c(O)c(C)c1,0.0089125093813374,0.3,3,0.030264437,0.0028932095,0.048268795
c1cc2ccc3ccc4ccc5ccc6ccc1c7c2c3c4c5c67,4.6558609352295814e-10,0.3,3,0.024869293,-0.009038985,0.041788846
c1cc(O)c(O)c2OCC3(O)CC4=CC(=O)C(O)=CC4=C3c21,0.0019952623149688,0.3,3,0.02098462,-0.0032722056,0.038983345
Cn1cnc2n(C)c(=O)n(C)c(=O)c12,0.1330454417978091,0.3,3,0.1329866,0.0724321,0.26342365
Clc1ccc(cc1Cl)c2cc(Cl)c(Cl)c(Cl)c2Cl,1.5135612484362072e-08,0.3,3,0.019232333,0.009306937,0.034047306
CC(C)CC(C)O,0.1584893192461113,0.3,3,0.16152775,0.08976862,0.2585795
CCN(Cc1c(F)cccc1Cl)c2c(cc(cc2N(=O)=O)C(F)(F)F)N(=O)=O,1.6595869074375596e-07,0.3,3,0.009271532,0.0016098619,0.024569392
CC(=C)C(=C)C,0.0039810717055349,0.3,3,0.035069972,-0.010017961,0.03835842
CCCCCCCC=C,8.91250938133746e-06,0.3,3,-0.0032209754,-0.012974173,0.019738823
CNC(=O)Oc1ccccc1C(C)C,0.0013708817661648,0.3,3,0.023953259,0.0051009357,0.022426724
ClCC(Cl)Cl,0.0331131121482591,0.3,3,0.06742275,0.04423994,0.09179768
O=C1NC(=O)NC(=O)C1(CC=C)c1ccccc1,0.0042756288615158,0.3,3,0.01981914,0.01159516,0.034467667
CC(C)OC(C)C,0.0794328234724281,0.3,3,0.083024144,0.020213664,0.14880249
CCOP(=S)(OCC)Oc1ccc(cc1)S(C)=O,0.0050118723362727,0.3,3,0.007473111,0.00012874603,0.0429098
COP(=S)(OC)Oc1ccc(N(=O)=O)c(C)c1,9.120108393559096e-05,0.3,3,0.008011371,-0.0025891066,0.029479325
ClC(Cl)(Cl)N(=O)=O,0.01,0.3,3,0.06434357,0.07100862,0.060683697
CCN2c1ncccc1N(C)C(=S)c3cccnc23,2.322736796357105e-05,0.3,3,0.008982986,-0.0141682625,0.023005038
O=C2NC(=O)C1(CCCCCC1)C(=O)N2,0.0006792036326171,0.3,3,0.03739226,-0.0013354719,0.054571927
CC(C)CCOC=O,0.0301995172040201,0.3,3,0.036509663,-0.021386266,0.057078272
CCCCCCCCOC(=O)c1ccccc1C(=O)OCCCCCCCC,7.673614893618186e-06,0.3,3,0.0037472546,-0.0036332607,0.014390826
Cc2ncc1nccnc1n2,0.7585775750291838,0.3,3,0.035208404,0.030509025,0.067941755
Nc1ccc(O)cc1,0.1584893192461113,0.3,3,0.18508202,0.054754227,0.2747594
Cc1ccc2cc(C)ccc2c1,1.2882495516931348e-05,0.3,3,0.008264542,0.0064370334,0.03938687
CCCN(=O)=O,0.1584893192461113,0.3,3,0.15566868,0.117646664,0.21440557
CCN(CC)C(=O)CSc1ccc(Cl)nn1,0.0192309172891015,0.3,3,0.048138857,0.015891522,0.104837656
CC34CC(O)C1(F)C(CCC2=CC(=O)CCC12C)C3CCC4(O)C(=O)CO,0.0003715352290971,0.3,3,0.021864593,0.007985026,0.09342772
CCOP(=S)(OCC)SCSC(C)(C)C,1.757923613958693e-05,0.3,3,5.9455633e-05,-0.022512317,0.031254232
COc2cnc1cncnc1n2,0.1230268770812381,0.3,3,0.03545475,0.04391679,0.069168925
ClC(Cl)C(Cl)(Cl)Cl,0.0025118864315095,0.3,3,-0.0037708282,0.003213048,0.036411107
CC1(O)CCC2C3CCC4=CC(=O)CCC4(C)C3CCC21C,0.0001002305238077,0.3,3,0.013112217,-0.005118996,0.043007493
CC(C)CBr,0.0037153522909717,0.3,3,0.0034831166,-0.0057955384,0.035101295
O=N(=O)c1cc(Cl)c(Cl)cc1,0.0006309573444801,0.3,3,0.017437756,0.005676955,0.02878195
c1cc(C)cc2c1c3cc4cccc5CCc(c45)c3cc2,1.202264434617413e-08,0.3,3,0.011868745,-0.009748369,0.028031707
CCCCCCCCCCCCCCCC,3.981071705534969e-09,0.3,3,-0.007975012,-0.025776118,0.0027300715
Cc1cc(no1)C(=O)NNCc2ccccc2,0.0034593937782612,0.3,3,0.022893667,0.007977784,0.057322532
Fc1cccc(F)c1C(=O)NC(=O)Nc2ccc(Cl)cc2,9.549925860214369e-07,0.3,3,0.00797236,0.007832259,0.033172935
CNC(=O)Oc1ccc(N(C)C)c(C)c1,0.0043651583224016,0.3,3,0.022286981,-0.0012402534,0.029891908
Cc1c(F)c(F)c(COC(=O)C2C(C=C(Cl)C(F)(F)F)C2(C)C)c(F)c1F,4.775292736576903e-08,0.3,3,0.019015908,0.008821428,0.029441714
C1c2ccccc2c3ccccc13,1e-05,0.3,3,0.0099722445,0.0009831786,0.027849495
CCOP(=S)(OCC)SCCSCC,5.888436553555884e-05,0.3,3,0.008102298,-0.012142032,0.04204181
Cn1c(=O)n(C)c2nc[nH]c2c1=O,0.0407380277804112,0.3,3,0.09445721,0.04766777,0.21927318
CC1=CCC(CC1)C(C)=C,5.495408738576248e-05,0.3,3,-0.01301837,-0.020223588,0.0044390857
Clc1cccc(Cl)c1c2c(Cl)cccc2Cl,4.07380277804113e-08,0.3,3,0.018302143,0.009068936,0.03497231
CCCCCC(=O)C,0.0354813389233575,0.3,3,0.047405154,0.0053710938,0.087741315
CCCCBr,0.0042657951880159,0.3,3,0.007014066,-0.009034663,0.03539017
CCCCc1ccccc1,8.709635899560814e-05,0.3,3,0.0028326511,-0.0056369305,0.021472394
OCc1ccccc1,0.3981071705534972,0.3,3,0.06475386,0.03600031,0.165265
CCCCCC(C)O,0.0281838293126445,0.3,4,0.057012916,0.037931502,0.11766502
Ic1ccccc1,0.0009772372209558,0.3,4,0.018976659,-0.010293335,0.03622994
COc5cc4OCC3Oc2c1CC(Oc1ccc2C(=O)C3c4cc5OC)C(C)=C,3.801893963205613e-05,0.3,4,-0.008217663,-0.028000236,-0.001362443
Clc2c(Cl)c(Cl)c(c1ccccc1)c(Cl)c2Cl,1.202264434617413e-08,0.3,4,-0.00024616718,-0.0182046,0.020830184
c3ccc2nc1ccccc1cc2c3,0.0002137962089502,0.3,4,0.016165853,-0.0046669543,0.045446366
CCCCCC=O,0.0501187233627272,0.3,4,0.06828129,0.031111062,0.10366589
O=C2NC(=O)C1(CCCC1)C(=O)N2,0.0044771330417636,0.3,4,0.025959969,-0.0077675283,0.04611066
CCCCCCCCCO,0.0009772372209558,0.3,4,0.013729364,0.015914768,0.042140007
CCC(CC)C=O,0.0301995172040201,0.3,4,0.070694774,0.015175968,0.09080243
Cc1c[nH]c2ccccc12,0.0038018939632056,0.3,4,0.012467027,-0.0030769408,0.031102747
CN(C)C(=O)Oc1cc(C)nn1c2ccccc2,0.0081283051616409,0.3,4,0.012637347,-0.0036162138,0.028111756
CC(C)C=C,0.0018620871366628,0.3,4,0.026097625,-0.016994417,0.03618124
NC(N)=NC#N,0.4897788193684462,0.3,4,1.8106217,1.1114484,3.183448
CNC(=O)Oc1ccc(N(C)C)c(C)c1,0.0043651583224016,0.3,4,-0.0055485964,-0.014048696,0.018938452
CC,0.0436515832240165,0.3,4,4.634054,3.5833566,4.7199955
Cc1ccc(Cl)cc1,0.0008317637711026,0.3,4,0.0029996932,-0.0068886876,0.0031704009
COCOC,3.019951720402016,0.3,4,6.541508,4.8504567,7.1233735
c1cnc2c(c1)ccc3ncccc23,0.002089296130854,0.3,4,0.03490451,-0.000100046396,0.07824558
COC(=O)c1cc(O)c(O)c(O)c1,0.0575439937337156,0.3,4,0.7116084,0.33316052,1.3511497
CC1(C)C(C=C(Cl)Cl)C1C(=O)OCc2cccc(Oc3ccccc3)c2,5.116818355403073e-07,0.3,4,-0.012043357,-0.020906359,-0.019847035
Clc1ccc(c(Cl)c1)c2c(Cl)c(Cl)c(Cl)c(Cl)c2Cl,1.202264434617413e-08,0.3,4,-0.001214087,-0.01974237,0.017608345
CN(C)C(=O)SCCCCOc1ccccc1,0.0001183041555725,0.3,4,0.01947254,-0.011641741,0.073726535
Nc1cc[nH]c(=O)n1,0.0699841996002273,0.3,4,0.15086794,0.0317069,0.5160463
Nc1c(C)c[nH]c(=O)n1,0.0348337315036011,0.3,4,0.054332227,0.004684806,0.19266036
CCN(CC(C)=C)c1c(cc(cc1N(=O)=O)C(F)(F)F)N(=O)=O,7.516228940182061e-07,0.3,4,-0.0019281805,-0.021799386,0.028595775
CN(C)C(=O)Nc1ccc(Cl)c(Cl)c1,0.0001584893192461,0.3,4,-0.007148415,-0.026221156,-0.009999454
CCCN(=O)=O,0.1584893192461113,0.3,4,0.12168127,0.08847433,0.20990227
CC(C)(C)C(=O)C(Oc1ccc(Cl)cc1)n2cncn2,0.0002454708915685,0.3,4,0.003671676,-0.014992505,0.050362557
CN(=O)=O,1.8197008586099832,0.3,4,3.4175537,2.765812,4.128035
Cc1ccccc1N,0.0061659500186148,0.3,4,0.06037149,0.019819945,0.1627633
C1CCC=CC1,0.0025703957827688,0.3,4,0.025800616,0.002405107,0.11187902
c1c(OC)c(OC)C2C(=O)OCC2c1,0.0126182753459067,0.3,4,-0.0028363168,-0.01701951,-0.011475116
CCN2c1ncccc1N(C)C(=O)c3cccnc23,0.0023988329190194,0.3,4,0.008257717,-0.010929197,0.028072238
CCOP(=S)(OCC)SCn1c(=O)oc2cc(Cl)ccc12,5.847900841444812e-06,0.3,4,-0.0052437484,-0.031892538,0.0047109723
Nc1ccc(cc1)c2ccc(N)cc2,0.0019952623149688,0.3,4,0.010199904,-0.00015878677,0.0390099
CNC(=O)Oc1cccc2CC(C)(C)Oc12,0.0015848931924611,0.3,4,0.009839833,-0.0020971,0.013829589
CCCCc1c(C)nc(nc1O)N(C)C,0.0057543993733715,0.3,4,0.037525058,-0.011802107,0.13516846
O=c1[nH]cnc2nc[nH]c12,0.0050582466200311,0.3,4,0.04947692,0.00013586879,0.12120721
O=C1NC(=O)C(=O)C(=O)N1,0.0562341325190349,0.3,4,0.016479343,0.014944315,0.0755887
NC(=O)NCc1ccccc1,0.1122018454301963,0.3,4,0.2189564,0.024123818,0.7642977
FC(F)(F)c1cccc(c1)N2CC(CCl)C(Cl)C2=O,8.974287945007491e-05,0.3,4,0.012686104,-0.016979843,0.033700854
CCCCCC(O)CC,0.0104712854805089,0.3,4,0.026084125,0.03295055,0.067578375
CCCCC1C(=O)N(N(C1=O)c2ccc(O)cc2)c3ccccc3,0.0001862087136662,0.3,4,-0.0010962784,-0.02320242,0.025130123
Oc1cccc(Cl)c1Cl,0.0501187233627272,0.3,4,0.0004950166,-0.011356026,0.022136033
CCSSCC,0.0038018939632056,0.3,4,0.016385585,0.019148141,0.07588366
CCOC(=O)CC,0.2187761623949552,0.3,4,0.27646583,0.15404356,0.49903825
C1CCOC1,3.0902954325135905,0.3,4,0.5051206,0.30796486,0.90249646
C1c2ccccc2c3cc4ccccc4cc13,9.120108393559117e-09,0.3,4,0.005469203,-0.016631067,0.018025368
Clc1ccc(c(Cl)c1Cl)c2c(Cl)cc(Cl)c(Cl)c2Cl,2.187761623949552e-08,0.3,4,0.003810525,-0.018145055,0.020850152
CC1=C(SCCO1)C(=O)Nc2ccccc2,0.0007244359600749,0.3,4,0.019711941,0.014035463,0.04015425
Clc1cc(c(Cl)c(Cl)c1Cl)c2cc(Cl)c(Cl)c(Cl)c2Cl,6.918309709189362e-10,0.3,4,0.0030796528,-0.01879549,0.017966866
CC(=O)OCC(=O)C3(O)CCC4C2CCC1=CC(=O)CCC1(C)C2C(=O)CC34C,6.165950018614822e-05,0.3,4,0.016499072,-0.012619138,0.032495975
c1(C(=O)OCCCCCC(C)(C))c(C(=O)OCCCCCC(C)(C))cccc1,2.306747188720067e-07,0.3,4,0.00417459,-0.019125253,-0.010103136
CCCCCCCCCCO,0.0002344228815319,0.3,4,0.012979209,0.007922351,0.03511685
CCCCN(CC)C(=O)SCCC,0.0002951209226666,0.3,4,-0.0021373034,-0.017979413,0.028803855
CCC1CCCCC1,5.623413251903491e-05,0.3,4,-0.008131564,-0.042784452,0.025320768
Cc1cc(C)c2ccccc2c1,5.128613839913648e-05,0.3,4,-0.005435616,-0.014049172,0.0038301349
Clc1ccc(cc1)c2ccccc2Cl,5.248074602497723e-06,0.3,4,0.0029541254,-0.009781808,0.0052702427
CC(C)C1CCC(C)CC1=O,0.0044668359215096,0.3,4,0.01752767,-0.0063015223,0.043661952
C1c2ccccc2c3ccccc13,1e-05,0.3,4,0.012998432,-0.005627364,0.024575353
CC12CCC3C(CCc4cc(O)ccc34)C2CCC1=O,0.0001109174815262,0.3,4,0.0065223575,-0.020482153,0.0138943195
CCCCCCBr,0.0001548816618912,0.3,4,0.014521033,-0.027815372,0.02196759
CC(C)OP(=S)(OC(C)C)SCCNS(=O)(=O)c1ccccc1,6.309573444801929e-05,0.3,4,0.004524827,-0.007518083,0.025327384
CCCCCCCCCCCCO,1.584893192461114e-05,0.3,4,0.012021631,-0.0025002658,0.024193615
C=CCC=C,0.0081283051616409,0.3,4,-0.0050131083,-0.015835434,0.059020817
Oc1ccc(Cl)cc1Cl,0.0281838293126445,0.3,4,0.012153596,-0.0016713738,0.015417427
CCCCC(CC)COC(=O)c1ccccc1C(=O)OCC(CC)CCCC,1.0964781961431853e-07,0.3,4,-0.0026974678,-0.031667233,-0.028514355
c1(O)cc(O)ccc1CCCCCC,0.0025703957827688,0.3,4,0.0206061,0.0013723373,0.06663391
Oc1cccc2ncccc12,0.0028840315031266,0.3,4,0.036061913,0.009274393,0.12646046
O(c1ccccc1)c2ccccc2,0.0001096478196143,0.3,4,-0.0022265017,-0.011264831,0.02798006
CCBr,0.0812830516164099,0.3,4,0.06657544,0.01689896,0.0994513
CN(C)C(=O)Nc1cccc(OC(=O)NC(C)(C)C)c1,0.0011748975549395,0.3,4,-0.010968745,-0.026845813,-0.01706317
CCCCCCCCCCCCCC,1.0964781961431853e-08,0.3,4,0.006002158,-0.047392905,-0.006860733
BrCBr,0.0676082975391981,0.3,4,0.10190722,0.07717356,0.16620684
Cc1ccccc1n3c(C)nc2ccccc2c3=O,0.001188502227437,0.3,4,0.015844852,-0.0037371516,0.03742543
COc1cccc(Cl)c1,0.0016595869074375,0.3,4,-0.0025849342,-0.008910358,-0.0040916502
CCCCCCCCCCCCCCCO,4.466835921509635e-07,0.3,4,0.011101663,-0.013075113,0.013076067
CCC#C,0.0575439937337156,0.3,4,0.24805695,0.19760051,0.3222829
CC12CC(O)C3C(CCC4=CC(=O)CCC34C)C2CCC1(O)C(=O)CO,0.000812830516164,0.3,4,0.015725613,-0.019777775,0.0782651
Clc1ccc(Cl)cc1,0.0005370317963702,0.3,4,0.008429557,-0.0060909092,0.010712445
O=C1NC(=O)NC(=O)C1(C(C)C)CC=C(C)C,0.0025527013026612,0.3,4,-0.00450626,-0.020067453,-0.007265389
CC(=O)c1ccccc1,0.0524807460249772,0.3,4,0.046707988,0.013556391,0.0889712
O=C1NC(=O)NC(=O)C1(CC)CC=C,0.0243220400907381,0.3,4,0.01690343,-0.0035793781,0.046050847
O=C1NC(=O)NC(=O)C1(CC)C(C)CC,0.0040738027780411,0.3,4,0.013281822,-0.009537041,0.011957496
CC=C(C)C,0.0027542287033381,0.3,4,0.21875547,0.12994912,0.22130805
O=C1N(COC(=O)CC)C(=O)C(N1)(c2ccccc2)c3ccccc3,1.238796586530369e-05,0.3,4,-0.00027894974,-0.027386218,0.0144869685
C1=Cc2cccc3cccc1c23,0.0001096478196143,0.3,4,-0.0070160627,-0.021561593,0.008896351
CCOC2Oc1ccc(OS(C)(=O)=O)cc1C2(C)C,0.0003801893963205,0.3,4,0.0012125969,-0.0046795905,0.0010071993
Oc1c(Br)cc(C#N)cc1Br,0.0004677351412871,0.3,4,0.016898006,-0.009829998,0.021852136
FC(F)(F)c1ccccc1,0.0030902954325135,0.3,4,0.018130451,-0.0032952428,0.029062122
NC(=N)NS(=O)(=O)c1ccc(N)cc1,0.0102329299228075,0.3,4,-0.024906427,-0.030500412,0.19569424
c1ccc2c(c1)ccc3c4ccccc4ccc23,8.77000821143634e-09,0.3,4,0.004401684,-0.010702938,0.010280222
ClCCBr,0.0478630092322638,0.3,4,0.05370754,0.019334674,0.06748614
CC3C2CCC1(C)C=CC(=O)C(=C1C2OC3=O)C,0.000812830516164,0.3,4,-0.007349372,-0.028844804,-0.01747778
CC(=C)C1CC=C(C)C(=O)C1,0.0087096358995608,0.3,4,0.013466507,-0.0038967729,0.027477652
CCC(C(CC)c1ccc(O)cc1)c2ccc(O)cc2,3.715352290971728e-05,0.3,4,0.0003556013,-0.018005013,0.0049811006
CCOCCOCC,0.1698243652461744,0.3,4,0.27667564,0.13486654,0.4194365
CCOc1ccccc1,0.0046773514128719,0.3,4,0.006312102,-0.012013614,0.038682073
CCC(CC)CO,0.0676082975391981,0.3,4,0.1046336,0.042550802,0.17451003
Oc1cc(Cl)c(Cl)c(Cl)c1Cl,0.0007079457843841,0.3,4,0.01095584,-0.0064657927,0.00989148
CCCCC(C)O,0.1288249551693134,0.3,4,0.13897851,0.07395333,0.21457133
CCCC(=C)C,0.0009332543007969,0.3,4,-0.009658366,-0.017581701,-0.004724115
CN2C(=C(O)c1ccccc1S2(=O)=O)C(=O)Nc3ccccn3,6.918309709189363e-05,0.3,4,0.0010106862,-0.010748178,0.01293537
Cc1ncc(N(=O)=O)n1CCO,0.0549540873857624,0.3,4,0.037969947,0.033361137,0.098138124
c1c(Cl)cccc1c2ccccc2,1.3182567385564074e-05,0.3,4,0.007143438,-0.009457946,0.018053561
CC(C)(C)c1ccc(O)cc1,0.0038904514499428,0.3,4,0.03261754,0.0012544096,0.031795174
CCOP(=S)(CC)Oc1cc(Cl)c(Cl)cc1Cl,1.7701089583174185e-06,0.3,4,0.008372337,-0.015871972,0.014465094
O=c1cc[nH]c(=O)[nH]1,0.0325087297385434,0.3,4,0.17697337,0.082623065,0.5802374
Fc1ccc(F)cc1,0.010715193052376,0.3,4,0.0027870536,0.008491486,0.033664703
CCCCCC#C,0.0009772372209558,0.3,4,0.017556787,-0.016281307,0.04262516
CCCC(C)(C)C,4.3651583224016566e-05,0.3,4,0.0288409,-0.014106452,0.045612663
ClC(Cl)(Cl)C(NC=O)N1C=CN(C=C1)C(NC=O)C(Cl)(Cl)Cl,6.456542290346549e-05,0.3,4,-0.0049550533,-0.039822757,-0.0076518953
Nc1nc[nH]n1,3.326595532940045,0.3,4,2.6870492,1.7623346,3.9171658
