smiles,freesolv,alpha,fold,median,lower_quantile,upper_quantile
CI,-0.89,0.1,0,-1.1113045,-1.2499187,-0.8109906
CCOCCOCC,-3.54,0.1,0,-3.9682226,-4.660652,-3.3537273
C[C@@H](C(F)(F)F)O,-4.16,0.1,0,-4.6350794,-6.015627,-3.3203156
COc1cccc(c1)N,-7.29,0.1,0,-7.176859,-8.876688,-5.4587507
CCCS,-1.1,0.1,0,-1.3518038,-1.6709981,-0.82741976
[C@@H](C(F)(F)F)(Cl)Br,-0.11,0.1,0,-0.53308916,-1.2256727,0.51000977
CC(C)CC(=O)C,-3.05,0.1,0,-2.7101293,-3.4440618,-2.093768
c1cc(ccc1Br)Br,-2.3,0.1,0,-2.0562305,-2.5600147,-1.1551905
c1ccc(cc1)CO,-6.62,0.1,0,-5.961334,-7.393341,-4.5267076
CCCN(CCC)C(=O)SCCC,-4.13,0.1,0,-4.809804,-6.460971,-3.9832332
c1c(c(c(c(c1Cl)Cl)Cl)Cl)c2c(cc(c(c2Cl)Cl)Cl)Cl,-4.61,0.1,0,-3.533533,-4.671279,-2.4483547
COC=O,-2.78,0.1,0,-2.9823155,-3.9200563,-2.4264693
C(C(Cl)(Cl)Cl)(Cl)(Cl)Cl,-0.64,0.1,0,-1.138463,-1.6034625,-0.37709808
Cc1cccc(c1O)C,-5.26,0.1,0,-5.040007,-6.247651,-3.8018281
CC(=O)Oc1ccccc1C(=O)O,-9.94,0.1,0,-8.341181,-11.059276,-6.1829805
C[C@@H]1CC[C@H]([C@@H](C1)O)C(C)C,-3.2,0.1,0,-3.8583877,-4.8488374,-3.1686635
S,-0.7,0.1,0,-1.5523281,-2.0809271,-1.3632853
CCCCCc1ccccc1,-0.23,0.1,0,-0.48637724,-1.2966187,0.1751585
c1cc(cnc1)C#N,-6.75,0.1,0,-6.967493,-8.472097,-5.3055964
CCCCN,-4.24,0.1,0,-4.0927033,-5.0319843,-3.4933772
CCCCCC#C,0.6,0.1,0,0.61103153,-0.025714159,1.07729
Cc1ccc(nc1)C,-4.72,0.1,0,-4.542905,-5.2799554,-3.295209
CS(=O)(=O)Cl,-4.87,0.1,0,-5.741456,-8.878689,-3.654304
CSC,-1.61,0.1,0,-1.1206338,-1.9369168,-0.77667737
CCOC,-2.1,0.1,0,-1.9938109,-2.318809,-1.5228405
c1ccc(cc1)S,-2.55,0.1,0,-2.9043746,-3.6325822,-2.0612707
CC(=O)CO[N+](=O)[O-],-5.99,0.1,0,-6.468108,-7.9141645,-4.5638137
COC(=O)c1ccc(cc1)O,-9.51,0.1,0,-8.329882,-10.681755,-6.2196817
Cc1c[nH]c2c1cccc2,-5.88,0.1,0,-6.7176995,-8.87896,-5.0148973
CC(=O)c1ccccc1,-4.58,0.1,0,-4.1801763,-5.79723,-3.2089665
CCS,-1.14,0.1,0,-1.8671789,-2.0651052,-1.4045556
c1(c(c(c(c(c1Cl)Cl)Cl)Cl)Cl)Cl,-2.33,0.1,0,-3.1150212,-3.9693089,-2.159607
CCCCCBr,-0.1,0.1,0,0.18808031,-0.44405532,0.80775166
CCc1ccc(cc1)O,-6.13,0.1,0,-6.240405,-7.370067,-4.677263
c1cc(ccc1C#N)O,-10.17,0.1,0,-8.4196415,-10.222029,-6.534512
CC(=O)OCC(COC(=O)C)OC(=O)C,-8.84,0.1,0,-6.098015,-7.5953703,-4.8338723
C([C@@H]1[C@H]([C@@H]([C@H]([C@@H](O1)O)O)O)O)O,-25.47,0.1,0,-21.605412,-24.183397,-17.561184
CC#N,-3.88,0.1,0,-4.435363,-5.049632,-3.9256752
CCC[C@@H](C)O,-4.39,0.1,0,-4.588053,-5.570573,-4.028984
CC(=O)C1CCCCC1,-3.9,0.1,0,-3.005207,-3.8223846,-2.1710925
C(F)Cl,-0.77,0.1,0,-1.2717862,-1.7253165,-0.89140844
CCN,-4.5,0.1,0,-4.8814955,-6.0411224,-4.455636
CCCSCCC,-1.28,0.1,0,-0.1481173,-0.75306463,0.4614911
c1ccc(cc1)I,-1.74,0.1,0,-1.6802845,-2.2401447,-0.9833312
Cc1ccc(cc1)C(C)C,-0.68,0.1,0,-0.9904673,-1.5446374,-0.20132232
CCOP(=O)(OCC)OCC,-7.5,0.1,0,-7.010069,-8.659753,-5.4245396
c1ccc(cc1)C(=O)N,-11.0,0.1,0,-8.901767,-11.81271,-6.7123604
Cc1cc(c2ccccc2c1)C,-2.47,0.1,0,-2.7473354,-3.7076588,-1.8570601
CC(C)C,2.3,0.1,0,1.6698017,1.3144321,2.275713
CC(C)CO,-4.5,0.1,0,-4.1867585,-5.213814,-3.8738368
CC1CCCCC1,1.7,0.1,0,1.5498676,0.9354887,2.5014997
C=C(Cl)Cl,0.25,0.1,0,-0.68837404,-1.1496122,-0.1527834
C[C@@H](c1ccc2cc(ccc2c1)OC)C(=O)O,-10.21,0.1,0,-8.221201,-10.656559,-6.2093124
CCC(=O)CC,-3.41,0.1,0,-2.7717957,-3.6141436,-2.2447364
CCCCCCCI,0.27,0.1,0,0.3749733,-0.40483785,1.0696301
Cc1ccccc1N,-5.53,0.1,0,-5.2897463,-6.707124,-4.058173
CC(=C)C,1.16,0.1,0,1.1586604,0.74045897,1.5515046
CCC(C)(C)O,-4.43,0.1,0,-4.0746922,-4.875531,-3.4754512
CCCN(CCC)c1c(cc(cc1[N+](=O)[O-])S(=O)(=O)C)[N+](=O)[O-],-7.98,0.1,0,-6.9432974,-10.079486,-4.604973
C[C@@H](CCO[N+](=O)[O-])O[N+](=O)[O-],-4.29,0.1,0,-3.967865,-4.942164,-2.6397831
C1COCCN1,-7.17,0.1,0,-6.2345457,-7.8534226,-5.604667
CC=C,1.32,0.1,0,1.0916076,0.8661151,1.5369196
CCCCCCCC=C,2.06,0.1,0,1.7755308,0.8420434,2.4443307
Cc1ccc(c2c1cccc2)C,-2.82,0.1,0,-2.7239604,-3.7548776,-1.813612
c1cc(c(cc1c2ccc(cc2F)F)C(=O)O)O,-9.4,0.1,0,-8.50123,-11.05792,-6.082256
CCC(C)CC,2.51,0.1,1,2.3657546,2.021634,3.0633817
C[C@@H](c1ccc(c(c1)F)c2ccccc2)C(=O)O,-8.42,0.1,1,-7.856923,-9.393831,-5.796139
CCCCCCCC(=O)C,-2.49,0.1,1,-2.7492232,-3.2227976,-1.8513684
CCC/C=C/C=O,-3.68,0.1,1,-3.4327834,-3.8190346,-2.700525
CC(C)(C)c1ccc(cc1)O,-5.91,0.1,1,-5.3553753,-5.9265494,-3.9819713
C[C@@H]1CC[C@H](CC1=O)C(=C)C,-3.75,0.1,1,-3.357583,-3.9498267,-2.6582372
C1(C(C(C1(F)F)(F)F)(F)F)(F)F,3.43,0.1,1,2.0108685,1.162858,2.8852339
CC[C@H](C)c1ccccc1,-0.45,0.1,1,-0.6426215,-0.92935586,-0.12614465
c1ccncc1,-4.69,0.1,1,-4.32042,-4.8909082,-3.4413443
CCC(C)(C)O,-4.43,0.1,1,-4.2713833,-4.8465037,-3.995885
CCCCC=C,1.58,0.1,1,1.6245012,1.1025672,2.2539349
CCCCCCCl,0.0,0.1,1,0.27907562,-0.22875357,1.0166054
CCCCC(=O)C,-3.28,0.1,1,-3.1309862,-3.5684018,-2.7068257
c1ccc(cc1)CCCO,-6.92,0.1,1,-5.522678,-6.681302,-4.2261853
c1cc(c(c(c1Cl)Cl)Cl)Cl,-1.34,0.1,1,-1.9013345,-2.601663,-1.3577433
C(=C(F)F)(C(F)(F)F)F,2.93,0.1,1,1.9419899,1.2446437,2.4202542
CCC(C)(C)CC,2.56,0.1,1,2.245967,1.8329301,2.9345932
CCOP(=S)(OCC)SCSc1ccc(cc1)Cl,-6.5,0.1,1,-4.78982,-5.6604147,-3.49177
CCC[C@H](CC)O,-4.06,0.1,1,-4.230174,-4.7456045,-3.9407892
CCCCCCN,-3.95,0.1,1,-4.2134595,-4.8930674,-3.4804645
CCC[N+](=O)[O-],-3.34,0.1,1,-3.5602574,-3.7832875,-3.0936675
C(C(F)(F)F)O,-4.31,0.1,1,-4.3081865,-4.923119,-3.558511
CC(C)COC=O,-2.22,0.1,1,-1.995342,-2.3089166,-1.6471179
Cc1ccccc1O,-5.9,0.1,1,-5.6659093,-6.321975,-4.3495135
COC(=O)C(F)(F)F,-1.1,0.1,1,-0.24185443,-0.79304576,0.19622278
C[C@H]1CCCO1,-3.3,0.1,1,-3.4351935,-3.7072144,-2.8330832
CBr,-0.82,0.1,1,-0.94703746,-1.0492134,-0.853492
c1cc(cc(c1)O)C=O,-9.52,0.1,1,-9.206058,-10.3755665,-7.0665393
CCCCCCC=C,1.92,0.1,1,1.8051395,1.0790849,2.5311818
CCOP(=S)(OCC)Oc1cc(nc(n1)C(C)C)C,-6.48,0.1,1,-6.3672485,-7.4211645,-5.240901
C(C(Cl)(Cl)Cl)(Cl)Cl,-1.23,0.1,1,-1.110307,-1.4855616,-0.7198217
CC(=O)Oc1ccccc1C(=O)O,-9.94,0.1,1,-9.095991,-10.917509,-6.8083496
CCCCCN,-4.09,0.1,1,-4.291657,-5.0090013,-3.795577
C[C@H](C(F)(F)F)O,-4.2,0.1,1,-3.8382964,-4.455919,-3.0626147
c1cc(c(c(c1)Cl)C#N)Cl,-4.71,0.1,1,-4.04982,-4.8203588,-3.2158852
CC(C)(C)OC,-2.21,0.1,1,-1.3010232,-1.6035013,-0.8858352
c1ccc2c(c1)cccc2N,-7.28,0.1,1,-6.5268955,-8.121796,-5.310325
CC[C@H](C)O,-4.62,0.1,1,-4.519426,-5.078231,-4.268569
Cc1cc(cnc1)C,-4.84,0.1,1,-4.996677,-5.267666,-3.9089825
CC(C)(C)O,-4.47,0.1,1,-4.589206,-5.1677504,-4.3008766
C1CCCC(CC1)O,-5.48,0.1,1,-4.9073563,-5.3794284,-4.079057
C=CCC=C,0.93,0.1,1,0.7886057,0.4044609,1.3704762
CCc1cccc(c1)O,-6.25,0.1,1,-6.4112163,-6.9535503,-4.948638
CN(CC(F)(F)F)c1ccccc1,-1.92,0.1,1,-2.7100098,-3.7012372,-1.7059062
CC(C)Cc1ccccc1,0.16,0.1,1,-0.7286339,-1.0975096,-0.21124983
CC1CCCC1,1.59,0.1,1,1.3779025,0.9198384,2.3424783
CC(C)C(=O)C,-3.24,0.1,1,-3.3096452,-3.8113935,-3.0432558
CCc1cccc2c1cccc2,-2.4,0.1,1,-2.518467,-3.3238664,-1.7815666
CC(C)C=C,1.83,0.1,1,1.4679241,1.280489,2.043244
CCCC#C,0.01,0.1,1,-0.16830778,-0.35104156,0.23495007
C1C=CC[C@@H]2[C@@H]1C(=O)N(C2=O)SC(Cl)(Cl)Cl,-9.01,0.1,1,-7.9617634,-10.088032,-6.080425
c1ccc(c(c1)N)Cl,-4.91,0.1,1,-5.9524527,-7.1293907,-4.956579
CN(C)C=O,-7.81,0.1,1,-8.085101,-9.093149,-6.9124465
CCCCC(C)C,2.93,0.1,1,2.4549322,1.9384527,3.1543398
COC(CCl)(OC)OC,-4.59,0.1,1,-5.6393294,-6.273296,-5.1162596
COC(C(F)(F)F)(OC)OC,-0.8,0.1,1,-3.834802,-4.4645104,-2.982607
c1cc(cc(c1)C(F)(F)F)C(F)(F)F,1.07,0.1,1,0.68911076,0.26454258,1.5231733
CC(=O)C1CCCCC1,-3.9,0.1,1,-3.5638683,-3.9423015,-2.5622373
CC(=O)O,-6.69,0.1,1,-8.116627,-8.815868,-7.1635675
CCC[C@H](C)CC,2.71,0.1,1,2.4045157,2.0164475,3.0708928
CCCc1ccccc1,-0.53,0.1,1,-0.8005655,-1.1453419,-0.25994325
CCCCCI,-0.14,0.1,1,-0.27342582,-0.6663096,0.35261726
CCCCCc1ccccc1,-0.23,0.1,1,-0.5482447,-1.1213038,0.14874935
CCNc1nc(nc(n1)SC)NC(C)(C)C,-6.68,0.1,1,-8.20109,-10.264465,-7.4816756
CC[C@@H](C)C(C)C,2.52,0.1,1,2.3608527,2.0466733,3.0010228
CC(C)OC=O,-2.02,0.1,2,-2.4222956,-3.5182433,-2.2454338
c1ccc(cc1)O,-6.6,0.1,2,-6.4726276,-7.7399693,-5.052518
CCCCO[N+](=O)[O-],-2.09,0.1,2,-2.3681822,-3.5342755,-1.806665
C1[C@@H]2[C@H](COS(=O)O1)[C@@]3(C(=C([C@]2(C3(Cl)Cl)Cl)Cl)Cl)Cl,-4.23,0.1,2,-5.0811815,-7.11881,-3.8636065
c1ccc(cc1)CCCO,-6.92,0.1,2,-5.0544195,-6.2714424,-3.9500208
COCCOC,-4.84,0.1,2,-4.2836246,-5.473697,-3.6137955
Cc1cccc(c1C)C,-1.21,0.1,2,-0.97226405,-1.8753023,-0.6473613
[C@@H](C(F)(F)F)(Cl)Br,-0.11,0.1,2,0.3293879,-0.5268161,1.1950362
c1cc(cc(c1)Cl)Cl,-0.98,0.1,2,-0.8553865,-1.9700217,-0.76011276
CCCCOCCO,-6.25,0.1,2,-5.3686194,-6.9698915,-4.453091
CCC(=O)N,-9.4,0.1,2,-9.05953,-11.495789,-6.83707
C[C@@H](c1cccc(c1)C(=O)c2ccccc2)C(=O)O,-10.78,0.1,2,-8.730443,-11.051485,-6.304205
CCCC=O,-3.18,0.1,2,-2.6145852,-3.6170237,-2.3230662
Cc1ccccc1[N+](=O)[O-],-3.58,0.1,2,-3.8026574,-5.263769,-3.0726604
C(=C(Cl)Cl)(Cl)Cl,0.1,0.1,2,-0.07568121,-0.96743894,0.11394405
C([C@@H]1[C@H]([C@@H]([C@H]([C@@H](O1)O)O)O)O)O,-25.47,0.1,2,-16.800207,-20.927666,-11.437057
CCCCOC[C@H](C)O,-5.73,0.1,2,-5.3283424,-6.8957863,-4.381108
CCCOC(=O)c1ccc(cc1)O,-9.37,0.1,2,-8.212651,-10.158685,-6.188559
CCC(C)CC,2.51,0.1,2,3.365235,2.1251967,3.7032497
CCc1cccc2c1cccc2,-2.4,0.1,2,-2.852807,-4.172011,-2.252228
CNc1ccccc1,-4.69,0.1,2,-5.9438677,-7.4792523,-4.7304068
CCCCC(=O)C,-3.28,0.1,2,-3.0645955,-4.214175,-2.3714623
CS,-1.2,0.1,2,-1.5029709,-2.0840595,-1.2529755
CCCCCCCCCO,-3.88,0.1,2,-2.453221,-3.5922709,-1.4065487
c1cc(ccc1N)N(=O)=O,-9.82,0.1,2,-8.492327,-10.679007,-6.266531
c1cc(cc(c1)Cl)N,-5.82,0.1,2,-6.313177,-7.8223896,-4.9700623
C1CCOCC1,-3.12,0.1,2,-2.9930644,-3.844241,-2.25353
Cc1ccccc1Cl,-1.14,0.1,2,-0.8409817,-1.8243314,-0.74857354
CCSCC,-1.46,0.1,2,-0.21983337,-1.1042261,0.035892963
CCCCc1ccccc1,-0.4,0.1,2,-0.28619933,-1.2493303,-0.1135416
c1ccc(cc1)C#N,-4.1,0.1,2,-4.8035326,-5.8515835,-3.8710802
C[C@H]1CCCO1,-3.3,0.1,2,-2.9621964,-3.8334174,-2.4234223
CC(C)(C)C(=O)OC,-2.4,0.1,2,-2.5981724,-4.5189447,-2.3365233
CN(C)c1ccccc1,-3.45,0.1,2,-4.46045,-5.884906,-3.4728467
CCC[C@@H](C)O,-4.39,0.1,2,-4.005821,-5.3248606,-3.4929628
CCN(CC)CC,-3.22,0.1,2,-2.7420528,-4.136735,-2.3221087
c1cc(cc(c1)Cl)O,-6.62,0.1,2,-6.635457,-7.900032,-5.07144
CCOC=O,-2.56,0.1,2,-2.9630814,-4.1887627,-2.7350147
c1ccc(cc1)Cn2ccnc2,-7.63,0.1,2,-7.0208664,-8.982665,-5.3732834
CC1=CC[C@H](C[C@@H]1O)C(=C)C,-4.44,0.1,2,-4.8245835,-6.142207,-3.850022
c1cc(ccc1[N+](=O)[O-])O,-10.64,0.1,2,-8.577993,-10.526341,-6.2306824
C=C(c1ccccc1)c2ccccc2,-2.78,0.1,2,-3.1909611,-4.4973364,-2.4422476
CCC=O,-3.43,0.1,2,-3.0251307,-4.2652164,-2.884271
c1ccc(c(c1)[N+](=O)[O-])O,-4.58,0.1,2,-7.846591,-9.846001,-5.813437
CCCCS,-0.99,0.1,2,-0.53295565,-1.5116973,-0.14406562
COc1ccc(cc1)C(=O)OC,-5.33,0.1,2,-6.6434097,-8.470588,-5.064404
c1ccsc1,-1.4,0.1,2,-1.892953,-2.9895785,-1.6823785
c1ccc2cc(ccc2c1)N,-7.47,0.1,2,-6.8501697,-8.823666,-5.307059
COC(=O)C1CCCCC1,-3.3,0.1,2,-3.3189752,-4.602938,-2.5549397
CCCCCC=O,-2.81,0.1,2,-2.095513,-3.059682,-1.3944395
C[C@@H]1CC[C@H](CC1=O)C(=C)C,-3.75,0.1,2,-3.0552537,-4.328488,-2.4915257
CN(C)C(=O)Nc1ccccc1,-9.13,0.1,2,-11.437588,-14.368428,-7.834358
c1cc(c(cc1c2cc(c(c(c2Cl)Cl)Cl)Cl)Cl)Cl,-3.04,0.1,2,-3.5086331,-4.776387,-2.6726062
CC(=C)[C@H]1CCC(=CC1)C=O,-4.09,0.1,2,-3.5445747,-4.6387744,-2.7131162
CC(C)CCOC=O,-2.13,0.1,2,-1.8367947,-2.8485596,-1.3471849
CC(C)(C)C,2.51,0.1,2,3.4094942,2.1085575,3.4083478
CCCCO,-4.72,0.1,2,-4.728414,-6.1748466,-4.11108
Cc1ccccc1C,-0.9,0.1,2,-0.61557627,-1.510869,-0.4641626
CCCC(C)C,2.51,0.1,2,3.1515353,1.970897,3.4640782
CCCCCCCCCC(=O)C,-2.15,0.1,2,-1.4741795,-2.568758,-0.53348064
c1ccnc(c1)Cl,-4.39,0.1,2,-3.9006734,-5.1426444,-3.2508025
Cc1ccncc1,-4.93,0.1,2,-4.1605215,-5.175724,-3.3568618
CC(C)CBr,-0.03,0.1,2,0.61998296,0.023300886,0.90759873
CCCN(CCC)C(=O)SCCC,-4.13,0.1,2,-5.162307,-7.0711393,-4.338134
Cc1ccccn1,-4.63,0.1,2,-3.9585793,-5.0536823,-3.2200372
C=CCCC=C,1.01,0.1,3,0.8045833,0.555279,1.0995262
Cc1cc(cnc1)C,-4.84,0.1,3,-4.172054,-4.563774,-3.5690506
c1cc(c(cc1O)Cl)Cl,-7.29,0.1,3,-6.4704494,-7.111944,-5.2740703
C(=C(Cl)Cl)Cl,-0.44,0.1,3,-0.35126185,-0.715112,-0.2733109
C,2.0,0.1,3,-1.4865654,-1.1000574,-0.42554832
CN(C)C=O,-7.81,0.1,3,-8.722272,-9.462398,-7.1393137
CN(C)CCOC(c1ccccc1)c2ccccc2,-9.34,0.1,3,-5.634506,-6.675615,-4.5534015
CCCO,-4.85,0.1,3,-4.6521134,-5.240528,-4.7408857
CCCC(=O)CCC,-2.92,0.1,3,-2.6477408,-3.1180816,-2.4968772
CC(C)[N+](=O)[O-],-3.13,0.1,3,-3.0669332,-3.3672147,-2.5265517
CCCCCCCC=O,-2.29,0.1,3,-2.1515088,-2.711081,-1.6833107
CC(C)OC=O,-2.02,0.1,3,-2.2765217,-2.6527915,-2.0511367
CC1CCC(CC1)C,2.11,0.1,3,2.1322334,1.5973313,2.4151008
CCCCCCCl,0.0,0.1,3,0.5231273,0.03971505,0.81376815
c1c2c(cc(c1Cl)Cl)Oc3cc(c(cc3O2)Cl)Cl,-3.37,0.1,3,-3.3567338,-4.45798,-2.699174
C(=C\Cl)\Cl,-1.17,0.1,3,-0.88669586,-1.117585,-0.5958507
CCCCCC,2.48,0.1,3,2.6962469,2.1965764,2.941828
C[C@@H](CO[N+](=O)[O-])O[N+](=O)[O-],-4.95,0.1,3,-4.3328805,-5.086348,-3.199789
C1=C[C@@H]([C@@H]2[C@H]1[C@@]3(C(=C([C@]2(C3(Cl)Cl)Cl)Cl)Cl)Cl)Cl,-2.55,0.1,3,-3.341974,-4.344903,-2.6902168
C/C=C/C=O,-4.22,0.1,3,-4.0853744,-4.548625,-3.7214556
C1CCOCC1,-3.12,0.1,3,-2.8882065,-3.4317043,-2.2603614
CC(C)CCOC=O,-2.13,0.1,3,-1.8692007,-2.239406,-1.6004534
CCOP(=O)(OCC)O/C(=C/Cl)/c1ccc(cc1Cl)Cl,-7.07,0.1,3,-6.9882784,-8.358611,-5.3559623
Cc1cccnc1,-4.77,0.1,3,-4.263768,-4.759346,-3.6521208
CC[C@@H](C)C(C)C,2.52,0.1,3,2.65957,2.4769948,2.8421237
c1ccsc1,-1.4,0.1,3,-2.1893153,-2.6296144,-1.6467683
CC(=C)c1ccccc1,-1.24,0.1,3,-1.2583272,-1.928568,-0.9723356
Cc1cccc(c1C)O,-6.16,0.1,3,-5.465478,-6.194061,-4.5605564
CCCCCCCCO,-4.09,0.1,3,-3.7134316,-4.4219427,-3.0340722
C1CCC(CC1)O,-5.46,0.1,3,-5.1678004,-6.1425934,-4.5961742
Cc1ccccc1C=O,-3.93,0.1,3,-3.889277,-4.6042094,-3.295525
c1ccc2c(c1)Oc3c(c(c(c(c3Cl)Cl)Cl)Cl)O2,-3.81,0.1,3,-3.9051313,-5.254101,-3.0435715
C=CCC=C,0.93,0.1,3,0.8854277,0.68296313,1.2255056
COc1cccc(c1)N,-7.29,0.1,3,-7.0373936,-8.169924,-6.012982
c1cc(c(cc1Cl)Cl)Cl,-1.12,0.1,3,-1.2387304,-1.8677671,-0.9720278
CC(C)Cc1ccccc1,0.16,0.1,3,-0.22224784,-0.68904424,-0.033644915
C1=CC(=O)C=CC1=O,-6.5,0.1,3,-9.390804,-11.546218,-7.3358364
CC(F)F,-0.11,0.1,3,0.15383506,-0.10329175,0.63233685
CC(=CCC/C(=C\CO)/C)C,-4.78,0.1,3,-3.6394906,-4.295344,-3.2364724
c1ccc(c(c1)N)Cl,-4.91,0.1,3,-5.090685,-6.069661,-4.453432
CCCC1CCCC1,2.13,0.1,3,2.226734,1.5907562,2.5807993
CCCOC=O,-2.48,0.1,3,-2.4221134,-2.7684722,-2.2150702
CNC(=O)Oc1cccc2c1cccc2,-9.45,0.1,3,-8.267637,-9.769821,-6.477453
c1c(=O)[nH]c(=O)[nH]c1Cl,-15.83,0.1,3,-14.556343,-16.898054,-11.862497
CCOP(=S)(OCC)Oc1ccc(cc1)[N+](=O)[O-],-6.74,0.1,3,-6.674698,-7.813446,-4.914261
CC(=O)C,-3.8,0.1,3,-4.45527,-5.293133,-3.910883
CC(C)(C)c1ccccc1,-0.44,0.1,3,-0.5489862,-1.1992924,-0.23544335
CCc1cccnc1,-4.59,0.1,3,-3.979076,-4.5213428,-3.3381968
c1cnccc1C#N,-6.02,0.1,3,-7.2420845,-8.559577,-6.223246
CCOCC,-1.59,0.1,3,-1.6659808,-2.0006185,-1.4331822
c1ccc2cc3ccccc3cc2c1,-3.95,0.1,3,-3.6534443,-4.7291207,-2.9507647
C[C@@H](C(F)(F)F)O,-4.16,0.1,3,-3.4584794,-4.2793856,-2.986786
CC=C,1.32,0.1,3,1.3428242,1.2525914,1.4755642
Cc1cccnc1C,-4.82,0.1,3,-4.24735,-4.9067802,-3.5140126
CCCCC(=O)OCC,-2.49,0.1,3,-2.290634,-2.8929708,-2.1715178
Cc1ccccc1C,-0.9,0.1,3,-0.7450676,-1.1871967,-0.45523858
C=CC=C,0.56,0.1,3,0.9005697,0.73659635,1.298537
CC(Cl)(Cl)Cl,-0.19,0.1,3,-0.055718422,-0.40717697,-0.028922558
CC(=O)c1ccncc1,-7.62,0.1,3,-7.800663,-9.275681,-6.1595116
CCCCOC[C@H](C)O,-5.73,0.1,3,-5.7696247,-6.577798,-5.1979713
COS(=O)(=O)OC,-5.1,0.1,3,-6.1125555,-8.091873,-4.7522936
CC(C)Cc1cnccn1,-5.04,0.1,3,-4.960229,-5.9898195,-4.3060207
c1ccc2cc(ccc2c1)N,-7.47,0.1,3,-6.9731994,-8.190619,-5.733388
c1ccc(cc1)c2c(cc(cc2Cl)Cl)Cl,-2.16,0.1,3,-2.3622847,-3.2618349,-1.8235965
C1CC[S+2](C1)([O-])[O-],-8.61,0.1,3,-2.671239,-3.0432155,-1.9539393
CCOP(=S)(OCC)SCSCC,-4.37,0.1,4,-5.303836,-6.6525774,-4.354448
C(C(CO)O)O,-13.43,0.1,4,-13.246153,-17.819248,-11.033318
CCCCCOC(=O)C,-2.51,0.1,4,-2.5975456,-3.434733,-1.9917006
c1ccc(cc1)CCl,-1.93,0.1,4,-2.2459617,-3.028206,-1.7080162
CCCBr,-0.56,0.1,4,-0.5229058,-0.9060874,-0.27834082
C1CNC1,-5.56,0.1,4,-5.9948626,-7.416826,-5.243631
c1c(c(=O)[nH]c(=O)[nH]1)Br,-18.17,0.1,4,-15.810856,-20.57526,-12.351234
C([C@H]([C@H]([C@@H]([C@@H](CO)O)O)O)O)O,-23.62,0.1,4,-20.666557,-27.064701,-16.127085
CC=C,1.32,0.1,4,1.2043643,0.7777605,1.5139871
Cn1cccc1,-2.89,0.1,4,-5.0214167,-6.0941,-4.1215224
c1cc(cc(c1)O)C=O,-9.52,0.1,4,-8.971924,-10.889751,-6.6172543
CCCC=O,-3.18,0.1,4,-2.8257585,-3.3596168,-2.4134223
c1cc(cc(c1)[N+](=O)[O-])N,-8.84,0.1,4,-8.58525,-10.652792,-6.2548723
CN(C)C(=O)Nc1ccccc1,-9.13,0.1,4,-11.123878,-14.087564,-8.539805
Cc1ccccc1,-0.9,0.1,4,-0.8724792,-1.4411845,-0.41089487
CCOC=O,-2.56,0.1,4,-2.5012076,-3.3660004,-2.2982082
CCOCCO,-6.69,0.1,4,-6.488718,-7.8542886,-5.70909
CCCCCCOC(=O)C,-2.26,0.1,4,-2.4964147,-3.3237336,-1.7813598
CC(C)CC(=O)C,-3.05,0.1,4,-2.4025035,-2.9400265,-1.8652099
CCI,-0.74,0.1,4,-0.8191812,-1.0482876,-0.5806494
CCCCCC=C,1.66,0.1,4,1.8279228,1.0353837,2.3429255
CCOCCOCC,-3.54,0.1,4,-4.0525126,-4.8181343,-3.3581328
CCCC(C)(C)O,-3.92,0.1,4,-3.9817092,-4.992372,-3.2685087
CCOCCOC(=O)C,-5.31,0.1,4,-5.0307436,-6.248512,-4.3728685
C(CCCl)CCl,-2.32,0.1,4,-1.941305,-2.3118544,-1.514168
CC[C@H](C)n1c(=O)c(c([nH]c1=O)C)Br,-9.73,0.1,4,-10.861728,-14.830307,-9.000607
C,2.0,0.1,4,-2.0157444,-2.3528805,-1.1953712
Cc1ccccc1C=O,-3.93,0.1,4,-3.9372187,-5.06468,-3.1901388
C(C(F)(Cl)Cl)(F)(F)Cl,1.77,0.1,4,1.12883,0.56049347,1.6760187
CC(C)OC,-2.01,0.1,4,-1.3472619,-1.8048801,-0.83254886
COP(=O)(OC)OC,-8.7,0.1,4,-6.3641624,-8.50511,-5.250208
CC(C)CCOC(=O)C,-2.21,0.1,4,-2.2624702,-2.9371212,-1.7214341
CN(C)CCC=C1c2ccccc2CCc3c1cccc3,-7.43,0.1,4,-4.4629583,-5.831339,-3.4811914
CCCCC=O,-3.03,0.1,4,-2.7139046,-3.2635186,-2.0496001
CCCCCCC,2.67,0.1,4,2.5305896,1.5828462,3.2434735
CCCCCCBr,0.18,0.1,4,0.2707157,-0.38315892,0.9166002
CCCN,-4.39,0.1,4,-4.1298723,-5.238406,-3.885262
c1ccc(cc1)I,-1.74,0.1,4,-1.7784637,-2.3297312,-1.2943916
CCN(CC)CC,-3.22,0.1,4,-2.6094847,-3.3270907,-2.002785
CCCCOC(=O)c1ccc(cc1)O,-8.72,0.1,4,-7.7398705,-9.470981,-5.807247
C(F)(F)Cl,-0.5,0.1,4,0.35295153,0.03305173,0.7456546
Cc1c[nH]c2c1cccc2,-5.88,0.1,4,-6.239337,-8.135658,-5.1112146
CC(C)(C)O,-4.47,0.1,4,-4.0226445,-5.3246794,-3.5755808
CCOC(=O)C,-2.94,0.1,4,-2.8924918,-3.735803,-2.5846524
C1CCCCC1,1.23,0.1,4,1.165235,0.28289986,2.1066651
CC(=O)OC,-3.13,0.1,4,-2.9848125,-3.9813442,-2.7028594
C=O,-2.75,0.1,4,-2.7876015,-3.9359877,-2.7449243
CCC(=O)O,-6.46,0.1,4,-6.8166456,-8.660902,-5.948804
CCCCCCCCCO,-3.88,0.1,4,-3.5593739,-4.390159,-2.230498
COCCN,-6.55,0.1,4,-6.3621807,-7.7682185,-5.763487
c1c(cc(c(c1Cl)Cl)Cl)Cl,-1.62,0.1,4,-1.2401907,-2.4663196,-0.99256873
CC(=O)Oc1ccccc1C(=O)O,-9.94,0.1,4,-8.285546,-10.792374,-6.0176983
CCCCCCCCN,-3.65,0.1,4,-3.1216435,-3.9578674,-1.8956362
CC(C)COC=O,-2.22,0.1,4,-1.7846662,-2.6124864,-1.4805882
CC(C)(C)c1ccccc1,-0.44,0.1,4,-0.7952256,-1.8192475,-0.25621653
CCCCC(=O)OC,-2.56,0.1,4,-2.1875665,-2.9928353,-1.8244973
CC(=O)OCCOC(=O)C,-6.34,0.1,4,-6.0073805,-7.6005425,-5.1362925
CN(C)C,-3.2,0.1,4,-4.1241174,-4.8462296,-3.735919
C(I)I,-2.49,0.1,4,-1.93152,-2.1962204,-1.8388308
CCOC(=O)CCC(=O)OCC,-5.71,0.1,4,-4.4655085,-5.7919836,-3.878474
CCCCC[N+](=O)[O-],-2.82,0.1,4,-2.6788692,-3.3216085,-1.9629086
COP(=S)(OC)Oc1ccc(cc1)[N+](=O)[O-],-7.19,0.1,4,-6.7755213,-8.654939,-4.792559
[C@@H](C(F)(F)F)(OC(F)F)Cl,0.1,0.1,4,-0.6493814,-1.4269011,-0.045714855
CCC(C)(C)O,-4.43,0.1,4,-4.0627184,-5.180852,-3.4476173
CC(C)(C)C(=O)OC,-2.4,0.1,4,-1.4575553,-2.5524268,-1.2133002
CI,-0.89,0.2,0,-0.7313068,-0.88855505,-0.6376741
CCOCCOCC,-3.54,0.2,0,-4.308499,-4.6331143,-3.9775646
C[C@@H](C(F)(F)F)O,-4.16,0.2,0,-4.4267564,-5.1651196,-3.5315611
COc1cccc(c1)N,-7.29,0.2,0,-7.5476155,-8.41506,-6.302696
CCCS,-1.1,0.2,0,-1.2399356,-1.2686212,-0.85756254
[C@@H](C(F)(F)F)(Cl)Br,-0.11,0.2,0,0.09356904,-0.44845033,0.73893976
CC(C)CC(=O)C,-3.05,0.2,0,-2.3557458,-2.5309901,-1.9336442
c1cc(ccc1Br)Br,-2.3,0.2,0,-1.798599,-2.1924944,-1.4156578
c1ccc(cc1)CO,-6.62,0.2,0,-6.1988993,-7.0597715,-5.003732
CCCN(CCC)C(=O)SCCC,-4.13,0.2,0,-5.1498556,-6.217032,-4.4852557
c1c(c(c(c(c1Cl)Cl)Cl)Cl)c2c(cc(c(c2Cl)Cl)Cl)Cl,-4.61,0.2,0,-3.2003481,-3.9514554,-2.491456
COC=O,-2.78,0.2,0,-2.6785574,-3.1898336,-2.5417252
C(C(Cl)(Cl)Cl)(Cl)(Cl)Cl,-0.64,0.2,0,-0.6317539,-1.0026014,-0.09216833
Cc1cccc(c1O)C,-5.26,0.2,0,-5.1378765,-5.75564,-4.3193903
CC(=O)Oc1ccccc1C(=O)O,-9.94,0.2,0,-9.074746,-11.056138,-7.066433
C[C@@H]1CC[C@H]([C@@H](C1)O)C(C)C,-3.2,0.2,0,-4.114994,-4.3552823,-3.5633848
S,-0.7,0.2,0,-1.7210453,-1.9910283,-1.3852501
CCCCCc1ccccc1,-0.23,0.2,0,-0.3875718,-0.78415465,0.0062491894
c1cc(cnc1)C#N,-6.75,0.2,0,-7.037505,-7.8890495,-5.704974
CCCCN,-4.24,0.2,0,-4.1540914,-4.567214,-3.8844807
CCCCCC#C,0.6,0.2,0,0.70366526,0.41987038,1.0612464
Cc1ccc(nc1)C,-4.72,0.2,0,-4.8596983,-5.2182636,-3.9403064
CS(=O)(=O)Cl,-4.87,0.2,0,-5.706524,-7.486074,-4.5439243
CSC,-1.61,0.2,0,-1.141238,-1.4394634,-0.90588784
CCOC,-2.1,0.2,0,-1.9479558,-2.0282435,-1.6030154
c1ccc(cc1)S,-2.55,0.2,0,-3.0063884,-3.3449247,-2.4515836
CC(=O)CO[N+](=O)[O-],-5.99,0.2,0,-7.0908957,-7.956701,-5.5431714
COC(=O)c1ccc(cc1)O,-9.51,0.2,0,-9.057503,-10.704851,-7.238835
Cc1c[nH]c2c1cccc2,-5.88,0.2,0,-7.0877237,-8.317684,-5.9182744
CC(=O)c1ccccc1,-4.58,0.2,0,-4.4543257,-5.4191704,-3.7258716
CCS,-1.14,0.2,0,-1.5917552,-1.5623965,-1.2162075
c1(c(c(c(c(c1Cl)Cl)Cl)Cl)Cl)Cl,-2.33,0.2,0,-2.7909117,-3.2640095,-2.0840492
CCCCCBr,-0.1,0.2,0,0.12276721,-0.1207211,0.5185218
CCc1ccc(cc1)O,-6.13,0.2,0,-6.5617876,-7.240687,-5.3935976
c1cc(ccc1C#N)O,-10.17,0.2,0,-8.745208,-9.721716,-6.990465
CC(=O)OCC(COC(=O)C)OC(=O)C,-8.84,0.2,0,-6.890971,-7.6193213,-5.873789
C([C@@H]1[C@H]([C@@H]([C@H]([C@@H](O1)O)O)O)O)O,-25.47,0.2,0,-22.995087,-24.070211,-19.711842
CC#N,-3.88,0.2,0,-4.53589,-4.536309,-4.0913916
CCC[C@@H](C)O,-4.39,0.2,0,-4.684432,-5.2173176,-4.3532906
CC(=O)C1CCCCC1,-3.9,0.2,0,-3.095916,-3.4595983,-2.4288828
C(F)Cl,-0.77,0.2,0,-1.0527723,-1.2835381,-0.8309407
CCN,-4.5,0.2,0,-4.6113634,-4.977889,-4.285555
CCCSCCC,-1.28,0.2,0,-0.019189358,-0.3345554,0.38839483
c1ccc(cc1)I,-1.74,0.2,0,-1.5462961,-1.7759264,-1.132577
Cc1ccc(cc1)C(C)C,-0.68,0.2,0,-0.6861994,-0.93232656,-0.32428956
CCOP(=O)(OCC)OCC,-7.5,0.2,0,-7.5148144,-8.205376,-6.3241034
c1ccc(cc1)C(=O)N,-11.0,0.2,0,-9.759321,-11.575125,-7.7423067
Cc1cc(c2ccccc2c1)C,-2.47,0.2,0,-2.6725855,-3.1410134,-2.1468468
CC(C)C,2.3,0.2,0,1.975234,1.935576,2.489707
CC(C)CO,-4.5,0.2,0,-3.880562,-4.1501575,-3.6643567
CC1CCCCC1,1.7,0.2,0,1.83882,1.3715062,2.4144573
C=C(Cl)Cl,0.25,0.2,0,-0.39273953,-0.58951616,-0.20006323
C[C@@H](c1ccc2cc(ccc2c1)OC)C(=O)O,-10.21,0.2,0,-9.2860155,-10.934053,-7.318023
CCC(=O)CC,-3.41,0.2,0,-3.0126088,-3.1341836,-2.6625633
CCCCCCCI,0.27,0.2,0,0.19498158,-0.1602242,0.60511684
Cc1ccccc1N,-5.53,0.2,0,-5.3885574,-6.0717254,-4.676034
CC(=C)C,1.16,0.2,0,1.6901035,1.5361986,1.9636531
CCC(C)(C)O,-4.43,0.2,0,-4.01045,-4.2532787,-3.635119
CCCN(CCC)c1c(cc(cc1[N+](=O)[O-])S(=O)(=O)C)[N+](=O)[O-],-7.98,0.2,0,-7.5107493,-9.840004,-5.615165
C[C@@H](CCO[N+](=O)[O-])O[N+](=O)[O-],-4.29,0.2,0,-4.572645,-5.1603694,-3.6317992
C1COCCN1,-7.17,0.2,0,-6.73897,-7.3777742,-6.187254
CC=C,1.32,0.2,0,1.3983092,1.2179937,1.646316
CCCCCCCC=C,2.06,0.2,0,1.7985468,1.3481469,2.2341409
Cc1ccc(c2c1cccc2)C,-2.82,0.2,0,-2.619217,-3.1543894,-2.1197371
c1cc(c(cc1c2ccc(cc2F)F)C(=O)O)O,-9.4,0.2,0,-9.368845,-11.249043,-7.2081394
CCC(C)CC,2.51,0.2,1,2.432138,2.236889,2.9417763
C[C@@H](c1ccc(c(c1)F)c2ccccc2)C(=O)O,-8.42,0.2,1,-8.19091,-9.168085,-6.719684
CCCCCCCC(=O)C,-2.49,0.2,1,-2.70748,-3.0807638,-2.154554
CCC/C=C/C=O,-3.68,0.2,1,-3.6749294,-3.949498,-3.2095351
CC(C)(C)c1ccc(cc1)O,-5.91,0.2,1,-5.3299713,-5.66166,-4.3933835
C[C@@H]1CC[C@H](CC1=O)C(=C)C,-3.75,0.2,1,-3.004696,-3.4560554,-2.5275397
C1(C(C(C1(F)F)(F)F)(F)F)(F)F,3.43,0.2,1,2.839602,2.4975195,3.7022867
CC[C@H](C)c1ccccc1,-0.45,0.2,1,-0.39822173,-0.5734985,-0.19393635
c1ccncc1,-4.69,0.2,1,-4.5240197,-4.9588957,-3.841686
CCC(C)(C)O,-4.43,0.2,1,-4.238952,-4.4797235,-3.7114928
CCCCC=C,1.58,0.2,1,1.5693746,1.2997298,1.9618669
CCCCCCCl,0.0,0.2,1,0.31239367,0.049366713,0.7483597
CCCCC(=O)C,-3.28,0.2,1,-3.2340972,-3.4746606,-2.7679472
c1ccc(cc1)CCCO,-6.92,0.2,1,-6.0925884,-6.6078873,-5.0006056
c1cc(c(c(c1Cl)Cl)Cl)Cl,-1.34,0.2,1,-2.0086868,-2.5028517,-1.39392
C(=C(F)F)(C(F)(F)F)F,2.93,0.2,1,2.1779227,1.7866716,2.8495207
CCC(C)(C)CC,2.56,0.2,1,2.459375,2.2730355,2.9283977
CCOP(=S)(OCC)SCSc1ccc(cc1)Cl,-6.5,0.2,1,-4.912751,-5.4969854,-3.7192192
CCC[C@H](CC)O,-4.06,0.2,1,-4.2580037,-4.585798,-3.885686
CCCCCCN,-3.95,0.2,1,-4.1865997,-4.523899,-3.6323683
CCC[N+](=O)[O-],-3.34,0.2,1,-3.243035,-3.4510667,-2.8708506
C(C(F)(F)F)O,-4.31,0.2,1,-4.258741,-4.4292097,-3.3049536
CC(C)COC=O,-2.22,0.2,1,-2.1184878,-2.1894174,-1.5993314
Cc1ccccc1O,-5.9,0.2,1,-5.935784,-6.4126453,-4.9848824
COC(=O)C(F)(F)F,-1.1,0.2,1,-0.29305983,-0.6118357,0.35489416
C[C@H]1CCCO1,-3.3,0.2,1,-3.2772713,-3.5947492,-2.851845
CBr,-0.82,0.2,1,-0.8568857,-0.9757371,-0.7233293
c1cc(cc(c1)O)C=O,-9.52,0.2,1,-9.462465,-10.431145,-7.9640923
CCCCCCC=C,1.92,0.2,1,1.7904782,1.4083943,2.2722015
CCOP(=S)(OCC)Oc1cc(nc(n1)C(C)C)C,-6.48,0.2,1,-6.316745,-7.1290684,-5.1591625
C(C(Cl)(Cl)Cl)(Cl)Cl,-1.23,0.2,1,-0.9162965,-1.1890087,-0.39964342
CC(=O)Oc1ccccc1C(=O)O,-9.94,0.2,1,-9.3218975,-10.617914,-7.4140964
CCCCCN,-4.09,0.2,1,-4.3024926,-4.625389,-3.8646736
C[C@H](C(F)(F)F)O,-4.2,0.2,1,-3.5599887,-3.8481524,-2.6575265
c1cc(c(c(c1)Cl)C#N)Cl,-4.71,0.2,1,-4.153893,-4.6018157,-3.4119496
CC(C)(C)OC,-2.21,0.2,1,-1.2050006,-1.3222573,-0.6242688
c1ccc2c(c1)cccc2N,-7.28,0.2,1,-6.6979694,-7.70792,-5.840498
CC[C@H](C)O,-4.62,0.2,1,-4.4424777,-4.704741,-4.074996
Cc1cc(cnc1)C,-4.84,0.2,1,-5.2547846,-5.4733224,-4.417897
CC(C)(C)O,-4.47,0.2,1,-4.5578,-4.809786,-4.0126595
C1CCCC(CC1)O,-5.48,0.2,1,-4.946903,-5.3313313,-4.3624797
C=CCC=C,0.93,0.2,1,0.51791,0.36335707,0.90927935
CCc1cccc(c1)O,-6.25,0.2,1,-6.4955335,-6.987749,-5.5511656
CN(CC(F)(F)F)c1ccccc1,-1.92,0.2,1,-2.8987608,-3.271443,-2.1624327
CC(C)Cc1ccccc1,0.16,0.2,1,-0.44132662,-0.6413226,-0.25045872
CC1CCCC1,1.59,0.2,1,1.5892258,1.2558851,2.0585856
CC(C)C(=O)C,-3.24,0.2,1,-3.2038999,-3.478311,-2.7633264
CCc1cccc2c1cccc2,-2.4,0.2,1,-2.4848711,-2.95217,-2.0260096
CC(C)C=C,1.83,0.2,1,1.5591526,1.4345579,1.9472308
CCCC#C,0.01,0.2,1,-0.1382029,-0.27347612,0.21034718
C1C=CC[C@@H]2[C@@H]1C(=O)N(C2=O)SC(Cl)(Cl)Cl,-9.01,0.2,1,-7.978334,-9.926734,-6.669119
c1ccc(c(c1)N)Cl,-4.91,0.2,1,-5.985737,-6.635199,-5.1748724
CN(C)C=O,-7.81,0.2,1,-7.7718077,-8.510783,-7.000476
CCCCC(C)C,2.93,0.2,1,2.5809755,2.2523866,3.080933
COC(CCl)(OC)OC,-4.59,0.2,1,-5.464947,-5.609006,-4.6321716
COC(C(F)(F)F)(OC)OC,-0.8,0.2,1,-3.8101702,-4.064522,-2.7121873
c1cc(cc(c1)C(F)(F)F)C(F)(F)F,1.07,0.2,1,0.6164603,0.21401882,1.1909213
CC(=O)C1CCCCC1,-3.9,0.2,1,-3.392869,-3.7253327,-2.7311473
CC(=O)O,-6.69,0.2,1,-8.179686,-8.645275,-7.21513
CCC[C@H](C)CC,2.71,0.2,1,2.3805633,2.1882777,2.8492923
CCCc1ccccc1,-0.53,0.2,1,-0.708071,-0.901767,-0.45866585
CCCCCI,-0.14,0.2,1,-0.26345634,-0.4239626,0.13611841
CCCCCc1ccccc1,-0.23,0.2,1,-0.39790463,-0.69374967,-0.12444019
CCNc1nc(nc(n1)SC)NC(C)(C)C,-6.68,0.2,1,-8.001595,-9.251156,-7.0935125
CC[C@@H](C)C(C)C,2.52,0.2,1,2.4947128,2.3937855,2.960381
CC(C)OC=O,-2.02,0.2,2,-2.898656,-2.9306958,-2.398748
c1ccc(cc1)O,-6.6,0.2,2,-6.3081036,-6.879766,-5.476647
CCCCO[N+](=O)[O-],-2.09,0.2,2,-2.3688254,-2.5668552,-2.0157585
C1[C@@H]2[C@H](COS(=O)O1)[C@@]3(C(=C([C@]2(C3(Cl)Cl)Cl)Cl)Cl)Cl,-4.23,0.2,2,-5.2038713,-5.9396152,-3.8997781
c1ccc(cc1)CCCO,-6.92,0.2,2,-5.9602833,-6.529642,-4.991867
COCCOC,-4.84,0.2,2,-4.354562,-4.748257,-4.073034
Cc1cccc(c1C)C,-1.21,0.2,2,-1.1185474,-1.4519143,-0.76196885
[C@@H](C(F)(F)F)(Cl)Br,-0.11,0.2,2,0.026357174,-0.19463325,0.8252065
c1cc(cc(c1)Cl)Cl,-0.98,0.2,2,-0.87548995,-1.2414377,-0.56945395
CCCCOCCO,-6.25,0.2,2,-5.931477,-6.3724136,-5.561253
CCC(=O)N,-9.4,0.2,2,-9.211366,-9.688951,-8.46519
C[C@@H](c1cccc(c1)C(=O)c2ccccc2)C(=O)O,-10.78,0.2,2,-9.848284,-11.151257,-7.965288
CCCC=O,-3.18,0.2,2,-3.1344104,-3.2932513,-2.8360984
Cc1ccccc1[N+](=O)[O-],-3.58,0.2,2,-3.7055137,-4.1948504,-3.0438516
C(=C(Cl)Cl)(Cl)Cl,0.1,0.2,2,-0.13016748,-0.13103223,0.31773686
C([C@@H]1[C@H]([C@@H]([C@H]([C@@H](O1)O)O)O)O)O,-25.47,0.2,2,-17.776869,-17.771069,-15.070685
CCCCOC[C@H](C)O,-5.73,0.2,2,-5.8520007,-6.2707796,-5.5012608
CCCOC(=O)c1ccc(cc1)O,-9.37,0.2,2,-8.48025,-9.310238,-7.1018
CCC(C)CC,2.51,0.2,2,2.63007,2.328883,3.1467588
CCc1cccc2c1cccc2,-2.4,0.2,2,-2.7084994,-3.2904882,-2.2880678
CNc1ccccc1,-4.69,0.2,2,-5.87686,-6.5806017,-5.195298
CCCCC(=O)C,-3.28,0.2,2,-3.2672272,-3.562305,-2.8831506
CS,-1.2,0.2,2,-1.7832884,-1.9460435,-1.5130363
CCCCCCCCCO,-3.88,0.2,2,-3.462409,-3.8714218,-2.7425084
c1cc(ccc1N)N(=O)=O,-9.82,0.2,2,-8.72296,-9.592413,-7.2828074
c1cc(cc(c1)Cl)N,-5.82,0.2,2,-6.1057663,-6.6999574,-5.286961
C1CCOCC1,-3.12,0.2,2,-2.938036,-3.3882148,-2.4175777
Cc1ccccc1Cl,-1.14,0.2,2,-1.1499712,-1.4430823,-0.8432336
CCSCC,-1.46,0.2,2,-1.098422,-1.345886,-0.7634561
CCCCc1ccccc1,-0.4,0.2,2,-0.29435205,-0.62257385,-0.02355814
c1ccc(cc1)C#N,-4.1,0.2,2,-4.493412,-4.986588,-3.8216524
C[C@H]1CCCO1,-3.3,0.2,2,-3.2392423,-3.5489044,-2.7631998
CC(C)(C)C(=O)OC,-2.4,0.2,2,-2.7315097,-3.1633735,-2.2467682
CN(C)c1ccccc1,-3.45,0.2,2,-4.576623,-5.266306,-3.9303515
CCC[C@@H](C)O,-4.39,0.2,2,-4.4371166,-4.588343,-4.1782255
CCN(CC)CC,-3.22,0.2,2,-3.4417586,-3.9408636,-3.3027186
c1cc(cc(c1)Cl)O,-6.62,0.2,2,-6.6247473,-7.1364174,-5.622919
CCOC=O,-2.56,0.2,2,-3.0981545,-3.1695175,-2.6622825
c1ccc(cc1)Cn2ccnc2,-7.63,0.2,2,-6.861636,-7.905699,-5.780171
CC1=CC[C@H](C[C@@H]1O)C(=C)C,-4.44,0.2,2,-5.030222,-5.43474,-4.3297205
c1cc(ccc1[N+](=O)[O-])O,-10.64,0.2,2,-9.161565,-9.930112,-7.5377197
C=C(c1ccccc1)c2ccccc2,-2.78,0.2,2,-3.032061,-3.6737673,-2.4866703
CCC=O,-3.43,0.2,2,-3.5793667,-3.75301,-3.334423
c1ccc(c(c1)[N+](=O)[O-])O,-4.58,0.2,2,-7.3829985,-8.193989,-6.10215
CCCCS,-0.99,0.2,2,-1.1137264,-1.4140711,-0.628973
COc1ccc(cc1)C(=O)OC,-5.33,0.2,2,-6.334837,-7.182541,-5.1228113
c1ccsc1,-1.4,0.2,2,-2.283352,-2.7611217,-1.8339466
c1ccc2cc(ccc2c1)N,-7.47,0.2,2,-7.090291,-8.097537,-6.087844
COC(=O)C1CCCCC1,-3.3,0.2,2,-2.9999666,-3.3587039,-2.40933
CCCCCC=O,-2.81,0.2,2,-2.9501007,-3.211116,-2.4967794
C[C@@H]1CC[C@H](CC1=O)C(=C)C,-3.75,0.2,2,-3.192656,-3.4849868,-2.654573
CN(C)C(=O)Nc1ccccc1,-9.13,0.2,2,-12.024402,-13.351181,-9.902697
c1cc(c(cc1c2cc(c(c(c2Cl)Cl)Cl)Cl)Cl)Cl,-3.04,0.2,2,-3.844158,-4.5082874,-2.9606738
CC(=C)[C@H]1CCC(=CC1)C=O,-4.09,0.2,2,-3.421932,-3.704294,-2.8338356
CC(C)CCOC=O,-2.13,0.2,2,-2.2420888,-2.4090004,-1.7674838
CC(C)(C)C,2.51,0.2,2,2.8701103,2.6762097,3.291673
CCCCO,-4.72,0.2,2,-4.9112787,-5.2748346,-4.6703334
Cc1ccccc1C,-0.9,0.2,2,-0.86283803,-1.1598375,-0.55354214
CCCC(C)C,2.51,0.2,2,2.6112106,2.2644136,3.1446311
CCCCCCCCCC(=O)C,-2.15,0.2,2,-2.075522,-2.480795,-1.4710593
c1ccnc(c1)Cl,-4.39,0.2,2,-4.402158,-4.8419824,-3.6793118
Cc1ccncc1,-4.93,0.2,2,-4.5796723,-5.0059423,-3.863429
CC(C)CBr,-0.03,0.2,2,-0.34980965,-0.39130974,-0.008048058
CCCN(CCC)C(=O)SCCC,-4.13,0.2,2,-5.4207683,-6.257783,-4.929246
Cc1ccccn1,-4.63,0.2,2,-4.7090373,-5.149409,-3.9939544
C=CCCC=C,1.01,0.2,3,0.6767795,0.3999498,0.97478175
Cc1cc(cnc1)C,-4.84,0.2,3,-4.022657,-4.506748,-3.4279692
c1cc(c(cc1O)Cl)Cl,-7.29,0.2,3,-6.146205,-6.811885,-5.180401
C(=C(Cl)Cl)Cl,-0.44,0.2,3,-0.4362011,-0.783232,-0.11787772
C,2.0,0.2,3,-0.91012454,-0.8975594,-0.39371133
CN(C)C=O,-7.81,0.2,3,-9.013271,-10.118084,-7.744897
CN(C)CCOC(c1ccccc1)c2ccccc2,-9.34,0.2,3,-5.2007074,-6.1080036,-4.393791
CCCO,-4.85,0.2,3,-4.757186,-5.0633225,-4.72686
CCCC(=O)CCC,-2.92,0.2,3,-2.893008,-3.165867,-2.541988
CC(C)[N+](=O)[O-],-3.13,0.2,3,-2.8531883,-3.3433452,-2.39255
CCCCCCCC=O,-2.29,0.2,3,-2.1866245,-2.5529149,-1.588707
CC(C)OC=O,-2.02,0.2,3,-2.3971164,-2.7577252,-2.076644
CC1CCC(CC1)C,2.11,0.2,3,1.9689844,1.5485814,2.2724998
CCCCCCCl,0.0,0.2,3,0.5130718,0.09533739,0.93225694
c1c2c(cc(c1Cl)Cl)Oc3cc(c(cc3O2)Cl)Cl,-3.37,0.2,3,-3.4202545,-4.512558,-2.6929858
C(=C\Cl)\Cl,-1.17,0.2,3,-1.1960413,-1.42402,-0.88328195
CCCCCC,2.48,0.2,3,2.5455396,2.1132257,3.0161183
C[C@@H](CO[N+](=O)[O-])O[N+](=O)[O-],-4.95,0.2,3,-4.444053,-5.310467,-3.4922674
C1=C[C@@H]([C@@H]2[C@H]1[C@@]3(C(=C([C@]2(C3(Cl)Cl)Cl)Cl)Cl)Cl)Cl,-2.55,0.2,3,-3.0942488,-3.831341,-2.388981
C/C=C/C=O,-4.22,0.2,3,-4.5852776,-5.176724,-4.1512337
C1CCOCC1,-3.12,0.2,3,-2.7467232,-3.227641,-2.0516558
CC(C)CCOC=O,-2.13,0.2,3,-2.0300035,-2.3585691,-1.6484957
CCOP(=O)(OCC)O/C(=C/Cl)/c1ccc(cc1Cl)Cl,-7.07,0.2,3,-6.6294937,-7.7350044,-5.1682773
Cc1cccnc1,-4.77,0.2,3,-4.120201,-4.6484933,-3.505034
CC[C@@H](C)C(C)C,2.52,0.2,3,2.7140481,2.4950602,3.0511425
c1ccsc1,-1.4,0.2,3,-2.275114,-2.8030143,-1.846549
CC(=C)c1ccccc1,-1.24,0.2,3,-1.4819682,-2.0698078,-1.192131
Cc1cccc(c1C)O,-6.16,0.2,3,-5.5575285,-6.152115,-4.826168
CCCCCCCCO,-4.09,0.2,3,-3.6671991,-4.199982,-2.9412873
C1CCC(CC1)O,-5.46,0.2,3,-4.969758,-5.7258563,-4.4405375
Cc1ccccc1C=O,-3.93,0.2,3,-3.9188035,-4.602502,-3.4757416
c1ccc2c(c1)Oc3c(c(c(c(c3Cl)Cl)Cl)Cl)O2,-3.81,0.2,3,-3.7772357,-4.938087,-2.951819
C=CCC=C,0.93,0.2,3,0.59743476,0.41214776,0.8887794
COc1cccc(c1)N,-7.29,0.2,3,-7.200058,-7.9725113,-6.3533154
c1cc(c(cc1Cl)Cl)Cl,-1.12,0.2,3,-1.2792327,-2.0472362,-0.94609475
CC(C)Cc1ccccc1,0.16,0.2,3,-0.39172816,-0.8222203,-0.15005684
C1=CC(=O)C=CC1=O,-6.5,0.2,3,-10.896051,-13.046544,-8.562415
CC(F)F,-0.11,0.2,3,-0.13456726,-0.2851677,0.52631116
CC(=CCC/C(=C\CO)/C)C,-4.78,0.2,3,-3.982371,-4.5269747,-3.565411
c1ccc(c(c1)N)Cl,-4.91,0.2,3,-5.297643,-6.1071243,-4.6626606
CCCC1CCCC1,2.13,0.2,3,2.1196234,1.6592743,2.5597703
CCCOC=O,-2.48,0.2,3,-2.4948359,-2.8385284,-2.2322772
CNC(=O)Oc1cccc2c1cccc2,-9.45,0.2,3,-8.228101,-9.574632,-6.83772
c1c(=O)[nH]c(=O)[nH]c1Cl,-15.83,0.2,3,-15.228684,-17.417942,-12.860134
CCOP(=S)(OCC)Oc1ccc(cc1)[N+](=O)[O-],-6.74,0.2,3,-6.1231565,-7.2585306,-4.7752686
CC(=O)C,-3.8,0.2,3,-4.806811,-5.608616,-4.2811494
CC(C)(C)c1ccccc1,-0.44,0.2,3,-0.61651134,-1.1903083,-0.24160695
CCc1cccnc1,-4.59,0.2,3,-3.9347043,-4.510428,-3.279774
c1cnccc1C#N,-6.02,0.2,3,-7.657057,-8.480784,-6.5998216
CCOCC,-1.59,0.2,3,-1.8268871,-1.9662184,-1.4403224
c1ccc2cc3ccccc3cc2c1,-3.95,0.2,3,-3.455005,-4.56703,-3.0730429
C[C@@H](C(F)(F)F)O,-4.16,0.2,3,-3.471146,-4.287892,-2.7906995
CC=C,1.32,0.2,3,0.987448,0.9387891,1.3601773
Cc1cccnc1C,-4.82,0.2,3,-4.1575823,-4.7486,-3.475126
CCCCC(=O)OCC,-2.49,0.2,3,-2.5723224,-2.9977684,-2.269657
Cc1ccccc1C,-0.9,0.2,3,-0.84689045,-1.2415781,-0.5197332
C=CC=C,0.56,0.2,3,0.25833774,0.19329333,0.70272565
CC(Cl)(Cl)Cl,-0.19,0.2,3,-0.122534275,-0.39418936,0.33899474
CC(=O)c1ccncc1,-7.62,0.2,3,-8.031344,-9.204481,-6.6507654
CCCCOC[C@H](C)O,-5.73,0.2,3,-5.7244368,-6.25836,-5.1834087
COS(=O)(=O)OC,-5.1,0.2,3,-6.420999,-8.486506,-4.8674355
CC(C)Cc1cnccn1,-5.04,0.2,3,-5.550704,-6.3061857,-4.67221
c1ccc2cc(ccc2c1)N,-7.47,0.2,3,-6.8265743,-7.772157,-5.9925804
c1ccc(cc1)c2c(cc(cc2Cl)Cl)Cl,-2.16,0.2,3,-2.237065,-3.1709614,-1.8236954
C1CC[S+2](C1)([O-])[O-],-8.61,0.2,3,-2.0125294,-2.4162602,-1.4788418
CCOP(=S)(OCC)SCSCC,-4.37,0.2,4,-5.5092645,-5.788785,-5.0768547
C(C(CO)O)O,-13.43,0.2,4,-14.345057,-15.597532,-13.37974
CCCCCOC(=O)C,-2.51,0.2,4,-3.063504,-3.3242567,-2.5916767
c1ccc(cc1)CCl,-1.93,0.2,4,-2.1989913,-2.4580898,-1.8504431
CCCBr,-0.56,0.2,4,-0.6033621,-0.7096553,-0.47352934
C1CNC1,-5.56,0.2,4,-6.457727,-6.9338408,-6.077854
c1c(c(=O)[nH]c(=O)[nH]1)Br,-18.17,0.2,4,-17.458525,-18.611273,-15.228724
C([C@H]([C@H]([C@@H]([C@@H](CO)O)O)O)O)O,-23.62,0.2,4,-23.71597,-25.37673,-21.484144
CC=C,1.32,0.2,4,1.0761285,1.0734687,1.2418904
Cn1cccc1,-2.89,0.2,4,-4.8537188,-5.228841,-4.543366
c1cc(cc(c1)O)C=O,-9.52,0.2,4,-9.370216,-9.995539,-8.028585
CCCC=O,-3.18,0.2,4,-3.2709568,-3.3726149,-3.0309858
c1cc(cc(c1)[N+](=O)[O-])N,-8.84,0.2,4,-9.389246,-9.830607,-7.8374944
CN(C)C(=O)Nc1ccccc1,-9.13,0.2,4,-12.056707,-13.015366,-10.489087
Cc1ccccc1,-0.9,0.2,4,-0.8139794,-0.93719125,-0.5500088
CCOC=O,-2.56,0.2,4,-2.6937501,-2.834903,-2.4369736
CCOCCO,-6.69,0.2,4,-6.486247,-6.919176,-6.325962
CCCCCCOC(=O)C,-2.26,0.2,4,-2.9425592,-3.2088702,-2.438324
CC(C)CC(=O)C,-3.05,0.2,4,-2.9029613,-3.030727,-2.5535355
CCI,-0.74,0.2,4,-0.7731769,-0.8151338,-0.6968858
CCCCCC=C,1.66,0.2,4,1.8716278,1.6591253,2.1118627
CCOCCOCC,-3.54,0.2,4,-4.1574807,-4.422249,-3.9017322
CCCC(C)(C)O,-3.92,0.2,4,-4.36214,-4.7277555,-4.219876
CCOCCOC(=O)C,-5.31,0.2,4,-5.7623816,-6.097499,-5.251711
C(CCCl)CCl,-2.32,0.2,4,-2.038731,-2.1687965,-1.8067675
CC[C@H](C)n1c(=O)c(c([nH]c1=O)C)Br,-9.73,0.2,4,-12.559065,-13.869534,-11.417349
C,2.0,0.2,4,-1.790925,-2.025268,-1.2153654
Cc1ccccc1C=O,-3.93,0.2,4,-4.1010957,-4.4904346,-3.7256975
C(C(F)(Cl)Cl)(F)(F)Cl,1.77,0.2,4,1.1821394,1.1837387,1.4396853
CC(C)OC,-2.01,0.2,4,-1.4784958,-1.6881764,-1.2451241
COP(=O)(OC)OC,-8.7,0.2,4,-7.86661,-7.773181,-7.137959
CC(C)CCOC(=O)C,-2.21,0.2,4,-2.7565787,-3.0282304,-2.2785509
CN(C)CCC=C1c2ccccc2CCc3c1cccc3,-7.43,0.2,4,-5.142807,-5.6050167,-4.4439836
CCCCC=O,-3.03,0.2,4,-3.144981,-3.2922738,-2.8579128
CCCCCCC,2.67,0.2,4,2.7131042,2.4177327,3.061336
CCCCCCBr,0.18,0.2,4,0.0948596,-0.040551662,0.42158747
CCCN,-4.39,0.2,4,-4.358137,-4.6717305,-4.2920475
c1ccc(cc1)I,-1.74,0.2,4,-1.5968883,-1.6944103,-1.3122914
CCN(CC)CC,-3.22,0.2,4,-3.0170894,-3.1839406,-2.783071
CCCCOC(=O)c1ccc(cc1)O,-8.72,0.2,4,-8.228877,-9.00722,-6.9932923
C(F)(F)Cl,-0.5,0.2,4,0.18956709,0.09404111,0.3035965
Cc1c[nH]c2c1cccc2,-5.88,0.2,4,-7.0258684,-7.618697,-6.213064
CC(C)(C)O,-4.47,0.2,4,-4.6687355,-4.936583,-4.6210437
CCOC(=O)C,-2.94,0.2,4,-3.3585708,-3.5685067,-3.0216281
C1CCCCC1,1.23,0.2,4,0.90939236,0.6336508,1.3628607
CC(=O)OC,-3.13,0.2,4,-3.6989086,-3.9449615,-3.3684719
C=O,-2.75,0.2,4,-2.8869796,-3.095148,-2.467399
CCC(=O)O,-6.46,0.2,4,-7.010981,-7.319958,-6.452409
CCCCCCCCCO,-3.88,0.2,4,-3.7546592,-3.9341888,-3.1569073
COCCN,-6.55,0.2,4,-6.636201,-7.119714,-6.6332026
c1c(cc(c(c1Cl)Cl)Cl)Cl,-1.62,0.2,4,-1.6929159,-2.3574786,-1.355555
CC(=O)Oc1ccccc1C(=O)O,-9.94,0.2,4,-9.057637,-9.826265,-7.296949
CCCCCCCCN,-3.65,0.2,4,-3.5419397,-3.746158,-2.9699476
CC(C)COC=O,-2.22,0.2,4,-1.9914376,-2.175932,-1.6016898
CC(C)(C)c1ccccc1,-0.44,0.2,4,-1.0356691,-1.2555599,-0.6681793
CCCCC(=O)OC,-2.56,0.2,4,-2.6385732,-2.7889392,-2.293442
CC(=O)OCCOC(=O)C,-6.34,0.2,4,-7.04848,-7.5970907,-6.3383465
CN(C)C,-3.2,0.2,4,-4.786538,-4.9760814,-4.6942906
C(I)I,-2.49,0.2,4,-1.953602,-1.8903606,-1.8388292
CCOC(=O)CCC(=O)OCC,-5.71,0.2,4,-5.213202,-5.530227,-4.726537
CCCCC[N+](=O)[O-],-2.82,0.2,4,-3.003526,-3.0770807,-2.54245
COP(=S)(OC)Oc1ccc(cc1)[N+](=O)[O-],-7.19,0.2,4,-7.0934362,-7.6416373,-5.899802
[C@@H](C(F)(F)F)(OC(F)F)Cl,0.1,0.2,4,-0.7979164,-1.0538473,-0.65510035
CCC(C)(C)O,-4.43,0.2,4,-4.3951774,-4.738834,-4.3136106
CC(C)(C)C(=O)OC,-2.4,0.2,4,-2.4142628,-2.7278428,-2.0591252
CI,-0.89,0.3,0,-0.7297411,-0.825562,-0.8213732
CCOCCOCC,-3.54,0.3,0,-4.287306,-4.5189857,-4.237441
C[C@@H](C(F)(F)F)O,-4.16,0.3,0,-4.2527485,-4.611108,-4.047006
COc1cccc(c1)N,-7.29,0.3,0,-7.644863,-7.975653,-7.316292
CCCS,-1.1,0.3,0,-1.3418531,-1.4767063,-1.2568519
[C@@H](C(F)(F)F)(Cl)Br,-0.11,0.3,0,-0.01919341,-0.19348025,0.31459904
CC(C)CC(=O)C,-3.05,0.3,0,-2.701921,-2.8333175,-2.6277394
c1cc(ccc1Br)Br,-2.3,0.3,0,-1.6494572,-1.9037912,-1.5113602
c1ccc(cc1)CO,-6.62,0.3,0,-6.6772223,-7.212379,-5.844083
CCCN(CCC)C(=O)SCCC,-4.13,0.3,0,-5.789151,-6.172063,-5.5031466
c1c(c(c(c(c1Cl)Cl)Cl)Cl)c2c(cc(c(c2Cl)Cl)Cl)Cl,-4.61,0.3,0,-3.021564,-3.6083128,-2.651434
COC=O,-2.78,0.3,0,-2.6759806,-2.7362556,-2.6480007
C(C(Cl)(Cl)Cl)(Cl)(Cl)Cl,-0.64,0.3,0,-0.15250349,-0.3536489,-0.08903813
Cc1cccc(c1O)C,-5.26,0.3,0,-5.2251477,-5.4477158,-4.96292
CC(=O)Oc1ccccc1C(=O)O,-9.94,0.3,0,-8.992945,-9.89315,-8.228077
C[C@@H]1CC[C@H]([C@@H](C1)O)C(C)C,-3.2,0.3,0,-4.25073,-4.5023518,-4.088869
S,-0.7,0.3,0,-1.3136795,-1.3392112,-1.1287744
CCCCCc1ccccc1,-0.23,0.3,0,-0.07743573,-0.38227224,0.017157793
c1cc(cnc1)C#N,-6.75,0.3,0,-6.4222765,-6.966352,-6.0494146
CCCCN,-4.24,0.3,0,-4.1456194,-4.3778477,-4.1371384
CCCCCC#C,0.6,0.3,0,0.55489826,0.34759378,0.6151886
Cc1ccc(nc1)C,-4.72,0.3,0,-4.81911,-5.0018454,-4.669263
CS(=O)(=O)Cl,-4.87,0.3,0,-6.6640854,-7.2572784,-6.113304
CSC,-1.61,0.3,0,-1.186729,-1.3709288,-1.1353207
CCOC,-2.1,0.3,0,-2.0048685,-2.1537657,-2.0832014
c1ccc(cc1)S,-2.55,0.3,0,-3.0222638,-3.2813134,-2.848787
CC(=O)CO[N+](=O)[O-],-5.99,0.3,0,-6.749449,-7.03916,-6.6275463
COC(=O)c1ccc(cc1)O,-9.51,0.3,0,-9.21315,-9.900072,-8.664122
Cc1c[nH]c2c1cccc2,-5.88,0.3,0,-7.0331817,-7.415186,-6.6444426
CC(=O)c1ccccc1,-4.58,0.3,0,-4.285092,-4.519481,-4.019814
CCS,-1.14,0.3,0,-1.7450142,-1.7971706,-1.6722457
c1(c(c(c(c(c1Cl)Cl)Cl)Cl)Cl)Cl,-2.33,0.3,0,-2.3448613,-2.9332774,-2.1267555
CCCCCBr,-0.1,0.3,0,-0.052738428,-0.26298785,0.016382694
CCc1ccc(cc1)O,-6.13,0.3,0,-6.360323,-6.638509,-5.8958597
c1cc(ccc1C#N)O,-10.17,0.3,0,-8.398228,-9.025623,-7.901156
CC(=O)OCC(COC(=O)C)OC(=O)C,-8.84,0.3,0,-6.842476,-7.0849233,-6.733653
C([C@@H]1[C@H]([C@@H]([C@H]([C@@H](O1)O)O)O)O)O,-25.47,0.3,0,-22.077185,-22.770311,-21.592842
CC#N,-3.88,0.3,0,-4.5271096,-4.4428563,-4.3955355
CCC[C@@H](C)O,-4.39,0.3,0,-4.7438965,-4.963891,-4.778908
CC(=O)C1CCCCC1,-3.9,0.3,0,-3.0209572,-3.1861296,-2.8052568
C(F)Cl,-0.77,0.3,0,-1.0369136,-1.203609,-0.9281676
CCN,-4.5,0.3,0,-4.5803742,-4.757926,-4.5206833
CCCSCCC,-1.28,0.3,0,-0.106675625,-0.35026598,-0.04228854
c1ccc(cc1)I,-1.74,0.3,0,-1.4508014,-1.5683262,-1.3236992
Cc1ccc(cc1)C(C)C,-0.68,0.3,0,-0.4527068,-0.73555636,-0.4728241
CCOP(=O)(OCC)OCC,-7.5,0.3,0,-7.2507324,-7.5541887,-7.0099525
c1ccc(cc1)C(=O)N,-11.0,0.3,0,-10.282479,-10.973807,-9.339357
Cc1cc(c2ccccc2c1)C,-2.47,0.3,0,-2.2613926,-2.446076,-2.1020284
CC(C)C,2.3,0.3,0,1.9415979,1.798007,2.0916653
CC(C)CO,-4.5,0.3,0,-4.145475,-4.2187896,-4.0532165
CC1CCCCC1,1.7,0.3,0,1.6175275,1.2560701,1.7511978
C=C(Cl)Cl,0.25,0.3,0,-0.3266368,-0.36101437,-0.16809535
C[C@@H](c1ccc2cc(ccc2c1)OC)C(=O)O,-10.21,0.3,0,-9.893461,-10.580644,-8.904304
CCC(=O)CC,-3.41,0.3,0,-3.2950172,-3.39932,-3.2295084
CCCCCCCI,0.27,0.3,0,0.26712942,0.052981853,0.39842844
Cc1ccccc1N,-5.53,0.3,0,-5.315771,-5.4567494,-5.2405176
CC(=C)C,1.16,0.3,0,1.3972654,1.3400898,1.430758
CCC(C)(C)O,-4.43,0.3,0,-4.2787952,-4.352563,-4.1244583
CCCN(CCC)c1c(cc(cc1[N+](=O)[O-])S(=O)(=O)C)[N+](=O)[O-],-7.98,0.3,0,-7.590806,-8.098116,-6.730784
C[C@@H](CCO[N+](=O)[O-])O[N+](=O)[O-],-4.29,0.3,0,-4.1846437,-4.408923,-4.0606136
C1COCCN1,-7.17,0.3,0,-6.441613,-6.6528683,-6.2821045
CC=C,1.32,0.3,0,1.2386732,1.0326095,1.2392101
CCCCCCCC=C,2.06,0.3,0,1.8669991,1.5378661,2.0039144
Cc1ccc(c2c1cccc2)C,-2.82,0.3,0,-2.2781491,-2.4821427,-2.1313043
c1cc(c(cc1c2ccc(cc2F)F)C(=O)O)O,-9.4,0.3,0,-9.492689,-10.312945,-8.402941
CCC(C)CC,2.51,0.3,1,2.687582,2.55907,2.897911
C[C@@H](c1ccc(c(c1)F)c2ccccc2)C(=O)O,-8.42,0.3,1,-8.614212,-9.1647415,-7.759432
CCCCCCCC(=O)C,-2.49,0.3,1,-2.6255698,-2.8080246,-2.471274
CCC/C=C/C=O,-3.68,0.3,1,-3.838878,-3.9322073,-3.602612
CC(C)(C)c1ccc(cc1)O,-5.91,0.3,1,-5.040614,-5.140615,-4.6593604
C[C@@H]1CC[C@H](CC1=O)C(=C)C,-3.75,0.3,1,-2.6331377,-2.7506561,-2.5246544
C1(C(C(C1(F)F)(F)F)(F)F)(F)F,3.43,0.3,1,2.7055826,2.6891675,3.0717354
CC[C@H](C)c1ccccc1,-0.45,0.3,1,-0.11127281,-0.28295374,-0.06940198
c1ccncc1,-4.69,0.3,1,-4.1469846,-4.3031874,-3.781423
CCC(C)(C)O,-4.43,0.3,1,-4.0333924,-4.045526,-3.90905
CCCCC=C,1.58,0.3,1,1.7337275,1.5496593,1.900979
CCCCCCCl,0.0,0.3,1,0.40036774,0.26199532,0.58362436
CCCCC(=O)C,-3.28,0.3,1,-3.201571,-3.3682213,-3.1436963
c1ccc(cc1)CCCO,-6.92,0.3,1,-6.128026,-6.5974503,-5.500386
c1cc(c(c(c1Cl)Cl)Cl)Cl,-1.34,0.3,1,-1.8439975,-2.3066757,-1.4655812
C(=C(F)F)(C(F)(F)F)F,2.93,0.3,1,2.2496095,2.1136942,2.5190578
CCC(C)(C)CC,2.56,0.3,1,2.6562796,2.4577203,2.8207617
CCOP(=S)(OCC)SCSc1ccc(cc1)Cl,-6.5,0.3,1,-4.697098,-5.1929884,-4.1289144
CCC[C@H](CC)O,-4.06,0.3,1,-4.0814834,-4.167074,-3.9842675
CCCCCCN,-3.95,0.3,1,-4.1612973,-4.3825593,-3.9781113
CCC[N+](=O)[O-],-3.34,0.3,1,-3.458099,-3.594154,-3.371638
C(C(F)(F)F)O,-4.31,0.3,1,-4.2630653,-4.3904586,-4.2052484
CC(C)COC=O,-2.22,0.3,1,-2.0884926,-2.1929805,-1.9286891
Cc1ccccc1O,-5.9,0.3,1,-5.7539454,-6.032406,-5.331417
COC(=O)C(F)(F)F,-1.1,0.3,1,-0.347929,-0.37834144,-0.26562595
C[C@H]1CCCO1,-3.3,0.3,1,-3.3028436,-3.5426886,-3.1349306
CBr,-0.82,0.3,1,-1.0420914,-1.036854,-0.96117353
c1cc(cc(c1)O)C=O,-9.52,0.3,1,-9.246377,-9.559033,-8.3864
CCCCCCC=C,1.92,0.3,1,2.0927973,1.818397,2.3187957
CCOP(=S)(OCC)Oc1cc(nc(n1)C(C)C)C,-6.48,0.3,1,-5.5635743,-6.057252,-5.0960784
C(C(Cl)(Cl)Cl)(Cl)Cl,-1.23,0.3,1,-1.1713543,-1.2113321,-1.0044942
CC(=O)Oc1ccccc1C(=O)O,-9.94,0.3,1,-8.960263,-9.512173,-7.8639383
CCCCCN,-4.09,0.3,1,-4.2401204,-4.459573,-4.120313
C[C@H](C(F)(F)F)O,-4.2,0.3,1,-3.2916713,-3.3536692,-3.0050492
c1cc(c(c(c1)Cl)C#N)Cl,-4.71,0.3,1,-3.9079561,-4.167885,-3.5492373
CC(C)(C)OC,-2.21,0.3,1,-1.3685129,-1.2844763,-1.1265857
c1ccc2c(c1)cccc2N,-7.28,0.3,1,-6.852785,-7.298193,-6.429255
CC[C@H](C)O,-4.62,0.3,1,-4.1994495,-4.2711806,-4.122651
Cc1cc(cnc1)C,-4.84,0.3,1,-5.160241,-5.184147,-4.9181857
CC(C)(C)O,-4.47,0.3,1,-4.2829647,-4.274626,-4.2282333
C1CCCC(CC1)O,-5.48,0.3,1,-4.8846273,-5.1752987,-4.6611767
C=CCC=C,0.93,0.3,1,0.97904253,0.8347721,1.1219406
CCc1cccc(c1)O,-6.25,0.3,1,-6.3225436,-6.522683,-5.9225845
CN(CC(F)(F)F)c1ccccc1,-1.92,0.3,1,-2.7415419,-3.0188956,-2.381961
CC(C)Cc1ccccc1,0.16,0.3,1,-0.30947256,-0.43148565,-0.2173593
CC1CCCC1,1.59,0.3,1,1.8959446,1.6814952,2.127705
CC(C)C(=O)C,-3.24,0.3,1,-3.1719527,-3.3179681,-3.1038089
CCc1cccc2c1cccc2,-2.4,0.3,1,-2.3945794,-2.6439497,-2.1994326
CC(C)C=C,1.83,0.3,1,1.7443972,1.6548405,1.7870855
CCCC#C,0.01,0.3,1,-0.0999825,-0.1870892,-5.7458878e-05
C1C=CC[C@@H]2[C@@H]1C(=O)N(C2=O)SC(Cl)(Cl)Cl,-9.01,0.3,1,-7.0321627,-7.996514,-6.446396
c1ccc(c(c1)N)Cl,-4.91,0.3,1,-5.5532455,-5.818784,-5.2749615
CN(C)C=O,-7.81,0.3,1,-7.832489,-8.192069,-8.100592
CCCCC(C)C,2.93,0.3,1,2.7757878,2.5910897,3.0452094
COC(CCl)(OC)OC,-4.59,0.3,1,-5.020362,-5.246139,-4.9515944
COC(C(F)(F)F)(OC)OC,-0.8,0.3,1,-3.6015198,-3.7253425,-3.3968058
c1cc(cc(c1)C(F)(F)F)C(F)(F)F,1.07,0.3,1,0.46352005,0.12972403,0.6984801
CC(=O)C1CCCCC1,-3.9,0.3,1,-3.1103601,-3.2774549,-2.769474
CC(=O)O,-6.69,0.3,1,-7.417699,-7.3593636,-7.280496
CCC[C@H](C)CC,2.71,0.3,1,2.7420979,2.6245456,2.9366717
CCCc1ccccc1,-0.53,0.3,1,-0.5187576,-0.7024541,-0.43897772
CCCCCI,-0.14,0.3,1,-0.19146085,-0.3173468,-0.07767749
CCCCCc1ccccc1,-0.23,0.3,1,-0.124803305,-0.35213685,-0.019399643
CCNc1nc(nc(n1)SC)NC(C)(C)C,-6.68,0.3,1,-8.024261,-8.454401,-7.9591146
CC[C@@H](C)C(C)C,2.52,0.3,1,2.7008042,2.613052,2.8466797
CC(C)OC=O,-2.02,0.3,2,-2.59137,-2.8396683,-2.3112102
c1ccc(cc1)O,-6.6,0.3,2,-6.5569506,-7.006323,-5.760855
CCCCO[N+](=O)[O-],-2.09,0.3,2,-2.4748533,-2.6312609,-2.0514998
C1[C@@H]2[C@H](COS(=O)O1)[C@@]3(C(=C([C@]2(C3(Cl)Cl)Cl)Cl)Cl)Cl,-4.23,0.3,2,-4.8995395,-5.467278,-3.835091
c1ccc(cc1)CCCO,-6.92,0.3,2,-5.6610284,-5.982174,-4.5532513
COCCOC,-4.84,0.3,2,-4.4518785,-4.859557,-4.2675877
Cc1cccc(c1C)C,-1.21,0.3,2,-1.0018535,-1.2782552,-0.65325356
[C@@H](C(F)(F)F)(Cl)Br,-0.11,0.3,2,0.31558728,-0.2297256,0.68467355
c1cc(cc(c1)Cl)Cl,-0.98,0.3,2,-0.7643912,-1.1654568,-0.6392205
CCCCOCCO,-6.25,0.3,2,-5.867882,-6.1489162,-5.4539194
CCC(=O)N,-9.4,0.3,2,-9.031823,-9.506858,-8.163836
C[C@@H](c1cccc(c1)C(=O)c2ccccc2)C(=O)O,-10.78,0.3,2,-9.6827,-10.653594,-7.9320765
CCCC=O,-3.18,0.3,2,-3.0078874,-3.109623,-2.8425615
Cc1ccccc1[N+](=O)[O-],-3.58,0.3,2,-3.8043132,-4.1955247,-3.1696734
C(=C(Cl)Cl)(Cl)Cl,0.1,0.3,2,0.31161332,-0.008754015,0.4239409
C([C@@H]1[C@H]([C@@H]([C@H]([C@@H](O1)O)O)O)O)O,-25.47,0.3,2,-17.744368,-18.243546,-15.415585
CCCCOC[C@H](C)O,-5.73,0.3,2,-5.8125925,-6.187337,-5.4626727
CCCOC(=O)c1ccc(cc1)O,-9.37,0.3,2,-8.484151,-9.1241665,-7.1881204
CCC(C)CC,2.51,0.3,2,2.9097645,2.536104,3.3425725
CCc1cccc2c1cccc2,-2.4,0.3,2,-2.393154,-2.7848997,-2.0236373
CNc1ccccc1,-4.69,0.3,2,-5.7028303,-6.36845,-5.1250143
CCCCC(=O)C,-3.28,0.3,2,-3.2860582,-3.439309,-2.9469793
CS,-1.2,0.3,2,-1.8340003,-2.0669894,-1.5972757
CCCCCCCCCO,-3.88,0.3,2,-3.5600615,-3.6871064,-2.787105
c1cc(ccc1N)N(=O)=O,-9.82,0.3,2,-8.78432,-9.468909,-7.559474
c1cc(cc(c1)Cl)N,-5.82,0.3,2,-6.3077087,-6.779802,-5.5894427
C1CCOCC1,-3.12,0.3,2,-2.9641647,-3.2676678,-2.4680152
Cc1ccccc1Cl,-1.14,0.3,2,-0.99899006,-1.1965513,-0.73068523
CCSCC,-1.46,0.3,2,-1.136343,-1.4430885,-0.90497375
CCCCc1ccccc1,-0.4,0.3,2,-0.17699409,-0.471339,0.10999107
c1ccc(cc1)C#N,-4.1,0.3,2,-4.484471,-4.945808,-3.845893
C[C@H]1CCCO1,-3.3,0.3,2,-3.3673775,-3.6538181,-2.9101315
CC(C)(C)C(=O)OC,-2.4,0.3,2,-2.6615884,-3.171769,-2.1944637
CN(C)c1ccccc1,-3.45,0.3,2,-4.1704717,-4.922014,-3.7922897
CCC[C@@H](C)O,-4.39,0.3,2,-4.595448,-4.8649,-4.341155
CCN(CC)CC,-3.22,0.3,2,-3.1705143,-3.6557667,-2.9238052
c1cc(cc(c1)Cl)O,-6.62,0.3,2,-6.914472,-7.250116,-5.9915047
CCOC=O,-2.56,0.3,2,-2.794399,-3.0214643,-2.4632654
c1ccc(cc1)Cn2ccnc2,-7.63,0.3,2,-7.0236363,-7.799268,-6.064538
CC1=CC[C@H](C[C@@H]1O)C(=C)C,-4.44,0.3,2,-5.2377224,-5.564373,-4.4597616
c1cc(ccc1[N+](=O)[O-])O,-10.64,0.3,2,-9.183354,-9.738225,-7.817875
C=C(c1ccccc1)c2ccccc2,-2.78,0.3,2,-2.8465219,-3.3188748,-2.369817
CCC=O,-3.43,0.3,2,-3.332001,-3.3833475,-3.1896384
c1ccc(c(c1)[N+](=O)[O-])O,-4.58,0.3,2,-7.6761656,-8.17473,-6.446513
CCCCS,-0.99,0.3,2,-1.1105211,-1.2773397,-0.7013893
COc1ccc(cc1)C(=O)OC,-5.33,0.3,2,-6.368435,-7.136841,-5.3127365
c1ccsc1,-1.4,0.3,2,-2.1234627,-2.4409258,-1.6477234
c1ccc2cc(ccc2c1)N,-7.47,0.3,2,-6.883003,-7.5831914,-6.087158
COC(=O)C1CCCCC1,-3.3,0.3,2,-3.1147735,-3.3391988,-2.451107
CCCCCC=O,-2.81,0.3,2,-2.900252,-2.9897575,-2.509335
C[C@@H]1CC[C@H](CC1=O)C(=C)C,-3.75,0.3,2,-3.3437319,-3.5249152,-2.7960348
CN(C)C(=O)Nc1ccccc1,-9.13,0.3,2,-11.987668,-13.039109,-10.037836
c1cc(c(cc1c2cc(c(c(c2Cl)Cl)Cl)Cl)Cl)Cl,-3.04,0.3,2,-3.699455,-4.2645044,-3.0408182
CC(=C)[C@H]1CCC(=CC1)C=O,-4.09,0.3,2,-3.5902188,-3.7648325,-2.9384549
CC(C)CCOC=O,-2.13,0.3,2,-2.1994522,-2.35488,-1.8246838
CC(C)(C)C,2.51,0.3,2,3.3215067,2.823325,3.6498387
CCCCO,-4.72,0.3,2,-5.068987,-5.245525,-4.8523784
Cc1ccccc1C,-0.9,0.3,2,-0.7143285,-0.8942294,-0.34927058
CCCC(C)C,2.51,0.3,2,2.8794224,2.454148,3.3170602
CCCCCCCCCC(=O)C,-2.15,0.3,2,-1.991656,-2.2320805,-1.3913023
c1ccnc(c1)Cl,-4.39,0.3,2,-4.124699,-4.5633364,-3.6168911
Cc1ccncc1,-4.93,0.3,2,-4.421588,-4.723361,-3.7740993
CC(C)CBr,-0.03,0.3,2,-0.036967278,-0.26396298,0.09291196
CCCN(CCC)C(=O)SCCC,-4.13,0.3,2,-4.9653416,-5.6913934,-4.476894
Cc1ccccn1,-4.63,0.3,2,-4.4698324,-4.8412185,-3.8913333
C=CCCC=C,1.01,0.3,3,0.6134131,0.6077926,0.6295116
Cc1cc(cnc1)C,-4.84,0.3,3,-4.4983478,-4.430423,-4.284801
c1cc(c(cc1O)Cl)Cl,-7.29,0.3,3,-6.588808,-6.690461,-6.1015806
C(=C(Cl)Cl)Cl,-0.44,0.3,3,-0.2943492,-0.46616817,-0.14301157
C,2.0,0.3,3,-1.0510368,-1.1388636,-0.47462702
CN(C)C=O,-7.81,0.3,3,-9.07921,-9.151372,-8.544044
CN(C)CCOC(c1ccccc1)c2ccccc2,-9.34,0.3,3,-5.32339,-5.704691,-4.897471
CCCO,-4.85,0.3,3,-4.9690485,-4.988744,-4.9445405
CCCC(=O)CCC,-2.92,0.3,3,-2.6767182,-2.8175921,-2.561266
CC(C)[N+](=O)[O-],-3.13,0.3,3,-2.8874536,-2.974095,-2.676054
CCCCCCCC=O,-2.29,0.3,3,-2.2751622,-2.3493218,-2.0736403
CC(C)OC=O,-2.02,0.3,3,-2.4042587,-2.4427528,-2.0929174
CC1CCC(CC1)C,2.11,0.3,3,1.8537838,1.7694705,2.0333312
CCCCCCCl,0.0,0.3,3,0.338372,0.25032115,0.5521815
c1c2c(cc(c1Cl)Cl)Oc3cc(c(cc3O2)Cl)Cl,-3.37,0.3,3,-3.4467676,-3.6675289,-3.0493786
C(=C\Cl)\Cl,-1.17,0.3,3,-1.0662994,-1.0905685,-0.87548065
CCCCCC,2.48,0.3,3,2.5765717,2.4734972,2.807505
C[C@@H](CO[N+](=O)[O-])O[N+](=O)[O-],-4.95,0.3,3,-4.6308813,-4.737484,-4.0718455
C1=C[C@@H]([C@@H]2[C@H]1[C@@]3(C(=C([C@]2(C3(Cl)Cl)Cl)Cl)Cl)Cl)Cl,-2.55,0.3,3,-3.1654615,-3.2609732,-2.815511
C/C=C/C=O,-4.22,0.3,3,-4.222198,-4.1841617,-4.028878
C1CCOCC1,-3.12,0.3,3,-2.9619675,-3.3186882,-2.676162
CC(C)CCOC=O,-2.13,0.3,3,-2.1165519,-2.1485643,-1.8642995
CCOP(=O)(OCC)O/C(=C/Cl)/c1ccc(cc1Cl)Cl,-7.07,0.3,3,-7.1811557,-7.5851226,-6.3123384
Cc1cccnc1,-4.77,0.3,3,-4.4951973,-4.42299,-4.244706
CC[C@@H](C)C(C)C,2.52,0.3,3,2.5427797,2.6146781,2.7010286
c1ccsc1,-1.4,0.3,3,-2.0246282,-1.9979593,-1.7760465
CC(=C)c1ccccc1,-1.24,0.3,3,-1.3685384,-1.3128939,-1.1741533
Cc1cccc(c1C)O,-6.16,0.3,3,-5.6213026,-5.674059,-5.285608
CCCCCCCCO,-4.09,0.3,3,-3.9619234,-4.0809283,-3.4556031
C1CCC(CC1)O,-5.46,0.3,3,-5.367208,-5.83684,-5.055615
Cc1ccccc1C=O,-3.93,0.3,3,-3.825467,-3.9163308,-3.6545868
c1ccc2c(c1)Oc3c(c(c(c(c3Cl)Cl)Cl)Cl)O2,-3.81,0.3,3,-3.8454514,-4.157731,-3.3124163
C=CCC=C,0.93,0.3,3,0.8024905,0.8672068,0.856199
COc1cccc(c1)N,-7.29,0.3,3,-6.8945427,-7.036085,-6.612873
c1cc(c(cc1Cl)Cl)Cl,-1.12,0.3,3,-1.1311834,-1.4022541,-0.9388907
CC(C)Cc1ccccc1,0.16,0.3,3,-0.20933723,-0.25042415,-0.08389497
C1=CC(=O)C=CC1=O,-6.5,0.3,3,-8.913583,-9.469499,-7.748838
CC(F)F,-0.11,0.3,3,0.08348203,0.058478832,0.29209113
CC(=CCC/C(=C\CO)/C)C,-4.78,0.3,3,-3.489581,-3.5412898,-3.3639817
c1ccc(c(c1)N)Cl,-4.91,0.3,3,-5.131767,-5.3517733,-4.8911405
CCCC1CCCC1,2.13,0.3,3,2.150255,2.038428,2.3764546
CCCOC=O,-2.48,0.3,3,-2.4147148,-2.4917362,-2.207275
CNC(=O)Oc1cccc2c1cccc2,-9.45,0.3,3,-8.535303,-8.945449,-7.7248282
c1c(=O)[nH]c(=O)[nH]c1Cl,-15.83,0.3,3,-15.260968,-15.986142,-13.663124
CCOP(=S)(OCC)Oc1ccc(cc1)[N+](=O)[O-],-6.74,0.3,3,-6.4649544,-6.826849,-5.7181015
CC(=O)C,-3.8,0.3,3,-5.1092987,-5.056073,-4.8245206
CC(C)(C)c1ccccc1,-0.44,0.3,3,-0.6964991,-0.75668216,-0.41170502
CCc1cccnc1,-4.59,0.3,3,-4.3080797,-4.338165,-3.9682953
c1cnccc1C#N,-6.02,0.3,3,-7.3499484,-7.5894365,-6.830863
CCOCC,-1.59,0.3,3,-2.0160258,-2.0936825,-1.7653725
c1ccc2cc3ccccc3cc2c1,-3.95,0.3,3,-3.8273275,-3.940947,-3.4769142
C[C@@H](C(F)(F)F)O,-4.16,0.3,3,-3.1977472,-3.6713874,-2.870194
CC=C,1.32,0.3,3,0.9908974,1.0939038,1.1092465
Cc1cccnc1C,-4.82,0.3,3,-4.3628516,-4.4077663,-4.0693326
CCCCC(=O)OCC,-2.49,0.3,3,-2.3650415,-2.5138721,-2.202665
Cc1ccccc1C,-0.9,0.3,3,-0.7880976,-0.7077644,-0.60198927
C=CC=C,0.56,0.3,3,0.6485574,0.8452399,0.81863236
CC(Cl)(Cl)Cl,-0.19,0.3,3,0.10812211,-0.09351826,0.2430327
CC(=O)c1ccncc1,-7.62,0.3,3,-7.869861,-8.227527,-7.1708603
CCCCOC[C@H](C)O,-5.73,0.3,3,-5.9446673,-6.0181313,-5.4539356
COS(=O)(=O)OC,-5.1,0.3,3,-5.646533,-5.918399,-5.070756
CC(C)Cc1cnccn1,-5.04,0.3,3,-5.24218,-5.481745,-4.8143644
c1ccc2cc(ccc2c1)N,-7.47,0.3,3,-6.9956264,-7.1351204,-6.528455
c1ccc(cc1)c2c(cc(cc2Cl)Cl)Cl,-2.16,0.3,3,-2.289947,-2.6219792,-2.0231352
C1CC[S+2](C1)([O-])[O-],-8.61,0.3,3,-2.6666539,-2.7548113,-2.353229
CCOP(=S)(OCC)SCSCC,-4.37,0.3,4,-5.5308666,-5.9033847,-5.2539926
C(C(CO)O)O,-13.43,0.3,4,-13.845182,-15.402887,-13.00535
CCCCCOC(=O)C,-2.51,0.3,4,-2.7594938,-3.1131418,-2.5096636
c1ccc(cc1)CCl,-1.93,0.3,4,-2.185905,-2.4193964,-1.852258
CCCBr,-0.56,0.3,4,-0.6571498,-0.80460906,-0.5658159
C1CNC1,-5.56,0.3,4,-6.294302,-6.687861,-5.918745
c1c(c(=O)[nH]c(=O)[nH]1)Br,-18.17,0.3,4,-16.9974,-18.47868,-14.809608
C([C@H]([C@H]([C@@H]([C@@H](CO)O)O)O)O)O,-23.62,0.3,4,-23.118101,-25.180998,-21.370937
CC=C,1.32,0.3,4,0.94392824,0.9090314,0.9228387
Cn1cccc1,-2.89,0.3,4,-4.6758823,-4.945207,-4.3293147
c1cc(cc(c1)O)C=O,-9.52,0.3,4,-8.892698,-9.565258,-8.075987
CCCC=O,-3.18,0.3,4,-3.003506,-3.1381915,-2.9485478
c1cc(cc(c1)[N+](=O)[O-])N,-8.84,0.3,4,-8.704377,-9.344271,-7.5695496
CN(C)C(=O)Nc1ccccc1,-9.13,0.3,4,-11.197895,-12.274969,-9.877435
Cc1ccccc1,-0.9,0.3,4,-0.695873,-0.8199091,-0.5310075
CCOC=O,-2.56,0.3,4,-2.6203234,-2.794732,-2.2806401
CCOCCO,-6.69,0.3,4,-6.5117483,-6.97919,-6.3083353
CCCCCCOC(=O)C,-2.26,0.3,4,-2.664495,-3.0204654,-2.3821146
CC(C)CC(=O)C,-3.05,0.3,4,-2.8319485,-2.9808958,-2.6582057
CCI,-0.74,0.3,4,-0.92636776,-0.902509,-0.83360505
CCCCCC=C,1.66,0.3,4,1.8587146,1.5970421,2.0055337
CCOCCOCC,-3.54,0.3,4,-4.433103,-4.642009,-4.2273264
CCCC(C)(C)O,-3.92,0.3,4,-4.6921954,-4.930453,-4.4838777
CCOCCOC(=O)C,-5.31,0.3,4,-5.53613,-5.9448013,-5.2549405
C(CCCl)CCl,-2.32,0.3,4,-1.9609747,-2.0635805,-1.8295316
CC[C@H](C)n1c(=O)c(c([nH]c1=O)C)Br,-9.73,0.3,4,-11.40691,-12.664246,-10.572477
C,2.0,0.3,4,-1.8645054,-2.0331974,-1.5633762
Cc1ccccc1C=O,-3.93,0.3,4,-3.9034956,-4.2766786,-3.602418
C(C(F)(Cl)Cl)(F)(F)Cl,1.77,0.3,4,0.7163439,0.5549712,0.9692931
CC(C)OC,-2.01,0.3,4,-1.5515931,-1.6491411,-1.4097226
COP(=O)(OC)OC,-8.7,0.3,4,-7.1433992,-7.4057107,-6.839901
CC(C)CCOC(=O)C,-2.21,0.3,4,-2.5327306,-2.852595,-2.2904716
CN(C)CCC=C1c2ccccc2CCc3c1cccc3,-7.43,0.3,4,-4.6341877,-5.152577,-4.034359
CCCCC=O,-3.03,0.3,4,-2.8799412,-3.0382576,-2.742143
CCCCCCC,2.67,0.3,4,2.664586,2.2892976,2.8672876
CCCCCCBr,0.18,0.3,4,0.12100625,-0.027518988,0.31792402
CCCN,-4.39,0.3,4,-4.2808256,-4.4344616,-4.26511
c1ccc(cc1)I,-1.74,0.3,4,-1.6044796,-1.7240674,-1.4120295
CCN(CC)CC,-3.22,0.3,4,-3.331784,-3.5261195,-3.2719185
CCCCOC(=O)c1ccc(cc1)O,-8.72,0.3,4,-7.6907253,-8.45447,-6.944705
C(F)(F)Cl,-0.5,0.3,4,0.018111467,-0.08526969,0.23712063
Cc1c[nH]c2c1cccc2,-5.88,0.3,4,-6.4770684,-7.043273,-5.9984155
CC(C)(C)O,-4.47,0.3,4,-5.4164934,-5.6059666,-5.215289
CCOC(=O)C,-2.94,0.3,4,-3.100402,-3.3764436,-2.7921796
C1CCCCC1,1.23,0.3,4,1.0009685,0.64929104,1.2426848
CC(=O)OC,-3.13,0.3,4,-3.250103,-3.5248494,-2.9196682
C=O,-2.75,0.3,4,-3.4873857,-3.6905863,-3.30729
CCC(=O)O,-6.46,0.3,4,-6.4816456,-6.943962,-6.3070164
CCCCCCCCCO,-3.88,0.3,4,-3.556026,-3.8434768,-3.154718
COCCN,-6.55,0.3,4,-6.582101,-7.0574455,-6.462784
c1c(cc(c(c1Cl)Cl)Cl)Cl,-1.62,0.3,4,-1.4273129,-2.1205056,-1.1211705
CC(=O)Oc1ccccc1C(=O)O,-9.94,0.3,4,-7.96586,-9.002823,-6.845261
CCCCCCCCN,-3.65,0.3,4,-3.2595744,-3.5365689,-2.924296
CC(C)COC=O,-2.22,0.3,4,-1.8687431,-2.115012,-1.5545919
CC(C)(C)c1ccccc1,-0.44,0.3,4,-0.89506936,-1.2019677,-0.64522004
CCCCC(=O)OC,-2.56,0.3,4,-2.4045691,-2.682932,-2.1823611
CC(=O)OCCOC(=O)C,-6.34,0.3,4,-6.580379,-7.2620554,-6.1490984
CN(C)C,-3.2,0.3,4,-4.4543304,-4.4886312,-4.384339
C(I)I,-2.49,0.3,4,-2.1848137,-2.108695,-1.9885784
CCOC(=O)CCC(=O)OCC,-5.71,0.3,4,-5.125313,-5.6082587,-4.8672237
CCCCC[N+](=O)[O-],-2.82,0.3,4,-2.795376,-3.1207407,-2.5383673
COP(=S)(OC)Oc1ccc(cc1)[N+](=O)[O-],-7.19,0.3,4,-6.7127633,-7.4620266,-5.982523
[C@@H](C(F)(F)F)(OC(F)F)Cl,0.1,0.3,4,-1.0498769,-1.0900733,-0.7351384
CCC(C)(C)O,-4.43,0.3,4,-4.9364867,-5.0673327,-4.79848
CC(C)(C)C(=O)OC,-2.4,0.3,4,-2.2380512,-2.512836,-1.9093163
CI,-0.89,0.4,0,-0.8879385,-0.9678631,-0.9520197
CCOCCOCC,-3.54,0.4,0,-4.413311,-4.5384994,-4.2038183
C[C@@H](C(F)(F)F)O,-4.16,0.4,0,-4.571643,-4.8298526,-4.1822557
COc1cccc(c1)N,-7.29,0.4,0,-7.5118575,-7.8711276,-6.9626374
CCCS,-1.1,0.4,0,-1.4075668,-1.5297191,-1.2765787
[C@@H](C(F)(F)F)(Cl)Br,-0.11,0.4,0,-0.25991845,-0.39821005,-0.10700798
CC(C)CC(=O)C,-3.05,0.4,0,-2.8637755,-2.9305868,-2.6703854
c1cc(ccc1Br)Br,-2.3,0.4,0,-1.8978256,-2.0555027,-1.6270685
c1ccc(cc1)CO,-6.62,0.4,0,-6.3111267,-6.8332777,-5.5646477
CCCN(CCC)C(=O)SCCC,-4.13,0.4,0,-5.5878277,-6.0571322,-5.1036563
c1c(c(c(c(c1Cl)Cl)Cl)Cl)c2c(cc(c(c2Cl)Cl)Cl)Cl,-4.61,0.4,0,-3.3441253,-3.865611,-2.8317409
COC=O,-2.78,0.4,0,-2.7880998,-2.9056044,-2.7447553
C(C(Cl)(Cl)Cl)(Cl)(Cl)Cl,-0.64,0.4,0,-0.47055602,-0.6666136,-0.28388977
Cc1cccc(c1O)C,-5.26,0.4,0,-5.325998,-5.531786,-4.866556
CC(=O)Oc1ccccc1C(=O)O,-9.94,0.4,0,-8.500695,-9.444021,-7.698229
C[C@@H]1CC[C@H]([C@@H](C1)O)C(C)C,-3.2,0.4,0,-4.0222793,-4.1740084,-3.842036
S,-0.7,0.4,0,-2.2716413,-2.191008,-2.075036
CCCCCc1ccccc1,-0.23,0.4,0,-0.2520032,-0.44801974,-0.014227867
c1cc(cnc1)C#N,-6.75,0.4,0,-6.4194365,-6.7746,-5.7706904
CCCCN,-4.24,0.4,0,-4.1784887,-4.3069434,-4.081238
CCCCCC#C,0.6,0.4,0,0.6210942,0.5115948,0.7717681
Cc1ccc(nc1)C,-4.72,0.4,0,-4.869879,-5.0874867,-4.5822797
CS(=O)(=O)Cl,-4.87,0.4,0,-6.255952,-7.0584984,-5.9751434
CSC,-1.61,0.4,0,-1.1678007,-1.2525711,-1.0545931
CCOC,-2.1,0.4,0,-2.111215,-2.2564082,-2.116342
c1ccc(cc1)S,-2.55,0.4,0,-3.1925788,-3.4000237,-2.8987827
CC(=O)CO[N+](=O)[O-],-5.99,0.4,0,-6.58953,-6.7708325,-6.144269
COC(=O)c1ccc(cc1)O,-9.51,0.4,0,-8.846083,-9.710898,-8.134405
Cc1c[nH]c2c1cccc2,-5.88,0.4,0,-6.904909,-7.513834,-6.259575
CC(=O)c1ccccc1,-4.58,0.4,0,-4.550824,-4.8614187,-4.1381516
CCS,-1.14,0.4,0,-1.6598687,-1.8494158,-1.5806091
c1(c(c(c(c(c1Cl)Cl)Cl)Cl)Cl)Cl,-2.33,0.4,0,-2.486904,-3.0047176,-2.1933491
CCCCCBr,-0.1,0.4,0,-0.05719948,-0.12612128,0.11446071
CCc1ccc(cc1)O,-6.13,0.4,0,-6.4282556,-6.6947136,-5.848468
c1cc(ccc1C#N)O,-10.17,0.4,0,-8.337627,-8.882751,-7.641756
CC(=O)OCC(COC(=O)C)OC(=O)C,-8.84,0.4,0,-6.8484716,-7.201414,-6.5484977
C([C@@H]1[C@H]([C@@H]([C@H]([C@@H](O1)O)O)O)O)O,-25.47,0.4,0,-21.541142,-22.028255,-20.602695
CC#N,-3.88,0.4,0,-4.2934184,-4.4719067,-4.263554
CCC[C@@H](C)O,-4.39,0.4,0,-4.776873,-4.991296,-4.7152967
CC(=O)C1CCCCC1,-3.9,0.4,0,-3.0189955,-3.1959016,-2.753557
C(F)Cl,-0.77,0.4,0,-1.1704614,-1.1513925,-1.0141602
CCN,-4.5,0.4,0,-4.6102076,-4.689774,-4.4520473
CCCSCCC,-1.28,0.4,0,-0.10192585,-0.22920632,0.084112644
c1ccc(cc1)I,-1.74,0.4,0,-1.6764572,-1.8403769,-1.5157654
Cc1ccc(cc1)C(C)C,-0.68,0.4,0,-0.6334777,-0.78146386,-0.4836681
CCOP(=O)(OCC)OCC,-7.5,0.4,0,-7.1897297,-7.3524876,-6.581345
c1ccc(cc1)C(=O)N,-11.0,0.4,0,-9.632478,-10.6091175,-8.545019
Cc1cc(c2ccccc2c1)C,-2.47,0.4,0,-2.6598127,-2.8898187,-2.4083014
CC(C)C,2.3,0.4,0,2.071783,1.992702,2.1403904
CC(C)CO,-4.5,0.4,0,-4.212282,-4.2230706,-4.004612
CC1CCCCC1,1.7,0.4,0,1.5789771,1.4148703,1.8247857
C=C(Cl)Cl,0.25,0.4,0,-0.6446996,-0.5915885,-0.4351387
C[C@@H](c1ccc2cc(ccc2c1)OC)C(=O)O,-10.21,0.4,0,-9.739168,-10.601891,-8.790343
CCC(=O)CC,-3.41,0.4,0,-3.2433305,-3.353888,-2.9817472
CCCCCCCI,0.27,0.4,0,0.26832342,0.17882848,0.48299122
Cc1ccccc1N,-5.53,0.4,0,-5.344182,-5.625526,-5.086979
CC(=C)C,1.16,0.4,0,1.4400005,1.4104781,1.5028644
CCC(C)(C)O,-4.43,0.4,0,-4.3506927,-4.429028,-4.1027317
CCCN(CCC)c1c(cc(cc1[N+](=O)[O-])S(=O)(=O)C)[N+](=O)[O-],-7.98,0.4,0,-7.1275,-7.7694826,-6.272314
C[C@@H](CCO[N+](=O)[O-])O[N+](=O)[O-],-4.29,0.4,0,-4.2854037,-4.4821854,-3.933031
C1COCCN1,-7.17,0.4,0,-6.54443,-6.693042,-6.273913
CC=C,1.32,0.4,0,1.19486,1.1662593,1.2138906
CCCCCCCC=C,2.06,0.4,0,1.9226327,1.7429662,2.1523523
Cc1ccc(c2c1cccc2)C,-2.82,0.4,0,-2.5782843,-2.8667698,-2.3398075
c1cc(c(cc1c2ccc(cc2F)F)C(=O)O)O,-9.4,0.4,0,-9.31921,-10.189188,-8.239149
CCC(C)CC,2.51,0.4,1,2.5257692,2.4309378,2.711059
C[C@@H](c1ccc(c(c1)F)c2ccccc2)C(=O)O,-8.42,0.4,1,-8.271512,-8.9085865,-7.526928
CCCCCCCC(=O)C,-2.49,0.4,1,-2.6351395,-2.8313427,-2.4471884
CCC/C=C/C=O,-3.68,0.4,1,-3.518615,-3.741132,-3.5471392
CC(C)(C)c1ccc(cc1)O,-5.91,0.4,1,-5.0702453,-5.337039,-4.8468
C[C@@H]1CC[C@H](CC1=O)C(=C)C,-3.75,0.4,1,-2.9150033,-3.0769858,-2.7429466
C1(C(C(C1(F)F)(F)F)(F)F)(F)F,3.43,0.4,1,2.9446158,2.6648502,3.3204322
CC[C@H](C)c1ccccc1,-0.45,0.4,1,-0.28460884,-0.38085222,-0.25826645
c1ccncc1,-4.69,0.4,1,-4.0573616,-4.38907,-3.8747175
CCC(C)(C)O,-4.43,0.4,1,-4.085236,-3.9860783,-3.8455787
CCCCC=C,1.58,0.4,1,1.7079525,1.5376897,1.8251777
CCCCCCCl,0.0,0.4,1,0.33287,0.25887346,0.5114622
CCCCC(=O)C,-3.28,0.4,1,-3.2270327,-3.372721,-3.1378698
c1ccc(cc1)CCCO,-6.92,0.4,1,-5.725942,-6.205224,-5.2601576
c1cc(c(c(c1Cl)Cl)Cl)Cl,-1.34,0.4,1,-1.8765972,-2.1923192,-1.5718677
C(=C(F)F)(C(F)(F)F)F,2.93,0.4,1,2.0790691,1.809547,2.1800413
CCC(C)(C)CC,2.56,0.4,1,2.4479837,2.3153405,2.6724148
CCOP(=S)(OCC)SCSc1ccc(cc1)Cl,-6.5,0.4,1,-4.5797453,-5.0053296,-4.252902
CCC[C@H](CC)O,-4.06,0.4,1,-4.0302734,-4.1421814,-3.8892906
CCCCCCN,-3.95,0.4,1,-4.1506834,-4.338272,-3.962903
CCC[N+](=O)[O-],-3.34,0.4,1,-3.5296087,-3.674937,-3.414995
C(C(F)(F)F)O,-4.31,0.4,1,-4.8709545,-4.939721,-4.5974197
CC(C)COC=O,-2.22,0.4,1,-2.0791922,-2.1151493,-1.8857386
Cc1ccccc1O,-5.9,0.4,1,-5.758116,-6.0233994,-5.440729
COC(=O)C(F)(F)F,-1.1,0.4,1,-0.68784523,-0.94996524,-0.4954493
C[C@H]1CCCO1,-3.3,0.4,1,-3.09237,-3.2338092,-2.9178972
CBr,-0.82,0.4,1,-0.9825871,-0.9997711,-1.0606265
c1cc(cc(c1)O)C=O,-9.52,0.4,1,-9.32298,-9.6428585,-8.569967
CCCCCCC=C,1.92,0.4,1,2.017272,1.8058243,2.1943932
CCOP(=S)(OCC)Oc1cc(nc(n1)C(C)C)C,-6.48,0.4,1,-5.6959014,-6.1075983,-5.278614
C(C(Cl)(Cl)Cl)(Cl)Cl,-1.23,0.4,1,-1.211792,-1.331666,-1.1446967
CC(=O)Oc1ccccc1C(=O)O,-9.94,0.4,1,-9.029461,-9.653548,-8.338488
CCCCCN,-4.09,0.4,1,-4.1732078,-4.349152,-4.0774946
C[C@H](C(F)(F)F)O,-4.2,0.4,1,-3.3128283,-3.4831939,-3.0959625
c1cc(c(c(c1)Cl)C#N)Cl,-4.71,0.4,1,-3.8537261,-4.176197,-3.606297
CC(C)(C)OC,-2.21,0.4,1,-1.3230095,-1.3193448,-1.1841104
c1ccc2c(c1)cccc2N,-7.28,0.4,1,-6.7066345,-7.2506638,-6.394229
CC[C@H](C)O,-4.62,0.4,1,-4.278536,-4.3560863,-4.123021
Cc1cc(cnc1)C,-4.84,0.4,1,-4.720521,-4.991332,-4.4819303
CC(C)(C)O,-4.47,0.4,1,-4.230091,-4.147163,-3.9844747
C1CCCC(CC1)O,-5.48,0.4,1,-4.7685575,-5.077906,-4.5690045
C=CCC=C,0.93,0.4,1,0.6805086,0.5407567,0.8173661
CCc1cccc(c1)O,-6.25,0.4,1,-6.294305,-6.547565,-5.88619
CN(CC(F)(F)F)c1ccccc1,-1.92,0.4,1,-2.9236035,-3.224392,-2.6953542
CC(C)Cc1ccccc1,0.16,0.4,1,-0.4266417,-0.49786973,-0.3926792
CC1CCCC1,1.59,0.4,1,1.6636395,1.5301318,1.9343815
CC(C)C(=O)C,-3.24,0.4,1,-3.1659732,-3.334336,-3.0525296
CCc1cccc2c1cccc2,-2.4,0.4,1,-2.4617882,-2.6030407,-2.2809858
CC(C)C=C,1.83,0.4,1,1.6784272,1.562849,1.7250175
CCCC#C,0.01,0.4,1,-0.09992218,-0.07840729,0.036277533
C1C=CC[C@@H]2[C@@H]1C(=O)N(C2=O)SC(Cl)(Cl)Cl,-9.01,0.4,1,-7.8829103,-8.64592,-7.439906
c1ccc(c(c1)N)Cl,-4.91,0.4,1,-5.4828563,-5.825565,-5.338005
CN(C)C=O,-7.81,0.4,1,-7.8790464,-8.17139,-7.771596
CCCCC(C)C,2.93,0.4,1,2.6656642,2.5299697,2.8652244
COC(CCl)(OC)OC,-4.59,0.4,1,-5.109639,-5.3075905,-4.9528356
COC(C(F)(F)F)(OC)OC,-0.8,0.4,1,-3.553382,-3.7619972,-3.2819247
c1cc(cc(c1)C(F)(F)F)C(F)(F)F,1.07,0.4,1,0.4318261,0.21110725,0.5127864
CC(=O)C1CCCCC1,-3.9,0.4,1,-3.2763903,-3.4699848,-2.9468386
CC(=O)O,-6.69,0.4,1,-7.392889,-7.5003214,-7.1810627
CCC[C@H](C)CC,2.71,0.4,1,2.67527,2.5574203,2.7850165
CCCc1ccccc1,-0.53,0.4,1,-0.5579715,-0.6351297,-0.49848986
CCCCCI,-0.14,0.4,1,-0.27540684,-0.3114121,-0.1544478
CCCCCc1ccccc1,-0.23,0.4,1,-0.20963359,-0.3542049,-0.12321615
CCNc1nc(nc(n1)SC)NC(C)(C)C,-6.68,0.4,1,-7.733042,-8.104773,-7.538166
CC[C@@H](C)C(C)C,2.52,0.4,1,2.682641,2.6049027,2.841661
CC(C)OC=O,-2.02,0.4,2,-2.8211617,-3.4092581,-2.6847105
c1ccc(cc1)O,-6.6,0.4,2,-7.1030197,-7.833995,-6.425932
CCCCO[N+](=O)[O-],-2.09,0.4,2,-2.2946806,-3.06913,-2.315351
C1[C@@H]2[C@H](COS(=O)O1)[C@@]3(C(=C([C@]2(C3(Cl)Cl)Cl)Cl)Cl)Cl,-4.23,0.4,2,-5.171034,-6.564678,-4.4434824
c1ccc(cc1)CCCO,-6.92,0.4,2,-5.861759,-6.5543156,-5.0226192
COCCOC,-4.84,0.4,2,-4.408243,-4.8999386,-4.2657256
Cc1cccc(c1C)C,-1.21,0.4,2,-1.5490632,-2.0299413,-1.2827151
[C@@H](C(F)(F)F)(Cl)Br,-0.11,0.4,2,0.3723538,-0.19894218,0.7853215
c1cc(cc(c1)Cl)Cl,-0.98,0.4,2,-1.1869946,-1.8389214,-1.0239897
CCCCOCCO,-6.25,0.4,2,-5.6521606,-6.360831,-5.3788314
CCC(=O)N,-9.4,0.4,2,-9.165447,-10.312577,-8.630914
C[C@@H](c1cccc(c1)C(=O)c2ccccc2)C(=O)O,-10.78,0.4,2,-9.773847,-11.140693,-8.357833
CCCC=O,-3.18,0.4,2,-3.061886,-3.6121662,-3.0282984
Cc1ccccc1[N+](=O)[O-],-3.58,0.4,2,-3.8818393,-4.818983,-3.54805
C(=C(Cl)Cl)(Cl)Cl,0.1,0.4,2,0.08483124,-0.36808658,0.1058619
C([C@@H]1[C@H]([C@@H]([C@H]([C@@H](O1)O)O)O)O)O,-25.47,0.4,2,-18.617466,-20.622396,-17.072868
CCCCOC[C@H](C)O,-5.73,0.4,2,-5.615144,-6.4155416,-5.374544
CCCOC(=O)c1ccc(cc1)O,-9.37,0.4,2,-8.809229,-9.920838,-7.855777
CCC(C)CC,2.51,0.4,2,2.4229414,2.2236516,2.742572
CCc1cccc2c1cccc2,-2.4,0.4,2,-2.8449,-3.6189628,-2.4929872
CNc1ccccc1,-4.69,0.4,2,-6.1975527,-7.2523656,-5.716345
CCCCC(=O)C,-3.28,0.4,2,-3.2433696,-3.7848692,-2.9935782
CS,-1.2,0.4,2,-1.7642962,-2.0023112,-1.5056534
CCCCCCCCCO,-3.88,0.4,2,-3.3153331,-3.890091,-2.9117484
c1cc(ccc1N)N(=O)=O,-9.82,0.4,2,-9.154346,-10.480507,-8.344191
c1cc(cc(c1)Cl)N,-5.82,0.4,2,-6.775983,-7.64998,-6.147383
C1CCOCC1,-3.12,0.4,2,-3.281735,-3.753979,-2.9473298
Cc1ccccc1Cl,-1.14,0.4,2,-1.443763,-1.9565212,-1.2388413
CCSCC,-1.46,0.4,2,-1.1919286,-1.5962923,-1.0137334
CCCCc1ccccc1,-0.4,0.4,2,-0.59267473,-1.1867454,-0.51322603
c1ccc(cc1)C#N,-4.1,0.4,2,-4.7326565,-5.4745417,-4.2158284
C[C@H]1CCCO1,-3.3,0.4,2,-3.5276856,-4.12249,-3.277354
CC(C)(C)C(=O)OC,-2.4,0.4,2,-3.005054,-4.0204263,-2.82316
CN(C)c1ccccc1,-3.45,0.4,2,-4.7025704,-5.6945715,-4.330594
CCC[C@@H](C)O,-4.39,0.4,2,-4.4811387,-5.169692,-4.4458227
CCN(CC)CC,-3.22,0.4,2,-3.4158344,-4.1828685,-3.442865
c1cc(cc(c1)Cl)O,-6.62,0.4,2,-7.3860493,-8.10648,-6.625785
CCOC=O,-2.56,0.4,2,-2.7625732,-3.4239345,-2.6886408
c1ccc(cc1)Cn2ccnc2,-7.63,0.4,2,-7.4609213,-8.600202,-6.584071
CC1=CC[C@H](C[C@@H]1O)C(=C)C,-4.44,0.4,2,-5.7007055,-6.7135425,-5.2254305
c1cc(ccc1[N+](=O)[O-])O,-10.64,0.4,2,-9.468099,-10.632964,-8.609554
C=C(c1ccccc1)c2ccccc2,-2.78,0.4,2,-3.0447443,-3.845105,-2.553907
CCC=O,-3.43,0.4,2,-3.3411462,-3.89138,-3.3111303
c1ccc(c(c1)[N+](=O)[O-])O,-4.58,0.4,2,-8.124794,-9.234894,-7.3971186
CCCCS,-0.99,0.4,2,-1.2872057,-1.6434615,-1.0012367
COc1ccc(cc1)C(=O)OC,-5.33,0.4,2,-6.7651634,-8.004591,-6.0116014
c1ccsc1,-1.4,0.4,2,-2.8438454,-3.4605014,-2.409036
c1ccc2cc(ccc2c1)N,-7.47,0.4,2,-7.24722,-8.394451,-6.5337834
COC(=O)C1CCCCC1,-3.3,0.4,2,-3.3274949,-4.1297317,-2.9039135
CCCCCC=O,-2.81,0.4,2,-2.9116092,-3.395909,-2.6792557
C[C@@H]1CC[C@H](CC1=O)C(=C)C,-3.75,0.4,2,-3.484988,-4.2225113,-3.060903
CN(C)C(=O)Nc1ccccc1,-9.13,0.4,2,-12.310582,-13.802374,-10.68289
c1cc(c(cc1c2cc(c(c(c2Cl)Cl)Cl)Cl)Cl)Cl,-3.04,0.4,2,-3.9432576,-4.84185,-3.457254
CC(=C)[C@H]1CCC(=CC1)C=O,-4.09,0.4,2,-3.9240365,-4.8018556,-3.4971128
CC(C)CCOC=O,-2.13,0.4,2,-2.2387872,-2.7459192,-2.0349627
CC(C)(C)C,2.51,0.4,2,2.8916543,2.7993343,3.1760938
CCCCO,-4.72,0.4,2,-4.848251,-5.4229183,-4.789727
Cc1ccccc1C,-0.9,0.4,2,-1.1917293,-1.6739697,-0.9813864
CCCC(C)C,2.51,0.4,2,2.4568512,2.2435997,2.785424
CCCCCCCCCC(=O)C,-2.15,0.4,2,-2.0028663,-2.529745,-1.5963666
c1ccnc(c1)Cl,-4.39,0.4,2,-4.683668,-5.5499372,-4.2146883
Cc1ccncc1,-4.93,0.4,2,-4.980323,-5.6753607,-4.5041566
CC(C)CBr,-0.03,0.4,2,-0.38282728,-0.5653789,-0.17112303
CCCN(CCC)C(=O)SCCC,-4.13,0.4,2,-5.603686,-6.7628126,-5.2860785
Cc1ccccn1,-4.63,0.4,2,-4.991302,-5.728834,-4.488675
C=CCCC=C,1.01,0.4,3,0.68649125,0.67490697,0.89468837
Cc1cc(cnc1)C,-4.84,0.4,3,-4.060954,-4.1646247,-3.654359
c1cc(c(cc1O)Cl)Cl,-7.29,0.4,3,-6.33985,-6.6148705,-5.9289474
C(=C(Cl)Cl)Cl,-0.44,0.4,3,-0.5992291,-0.6802268,-0.4758892
C,2.0,0.4,3,-0.94569016,-1.2000878,-0.57158613
CN(C)C=O,-7.81,0.4,3,-8.203823,-8.766321,-8.005723
CN(C)CCOC(c1ccccc1)c2ccccc2,-9.34,0.4,3,-5.020858,-5.4754725,-4.6958275
CCCO,-4.85,0.4,3,-4.758804,-4.914243,-4.8035793
CCCC(=O)CCC,-2.92,0.4,3,-2.6621938,-2.814757,-2.4014006
CC(C)[N+](=O)[O-],-3.13,0.4,3,-2.7897964,-2.9149709,-2.5320044
CCCCCCCC=O,-2.29,0.4,3,-2.1665068,-2.2614605,-1.9008247
CC(C)OC=O,-2.02,0.4,3,-2.3185306,-2.5282483,-2.1473913
CC1CCC(CC1)C,2.11,0.4,3,2.123689,1.9131362,2.32149
CCCCCCCl,0.0,0.4,3,0.40066218,0.2948501,0.59698987
c1c2c(cc(c1Cl)Cl)Oc3cc(c(cc3O2)Cl)Cl,-3.37,0.4,3,-3.3063517,-3.6278524,-2.8464763
C(=C\Cl)\Cl,-1.17,0.4,3,-1.1456628,-1.2280636,-1.0075598
CCCCCC,2.48,0.4,3,2.6965978,2.5742147,3.058478
C[C@@H](CO[N+](=O)[O-])O[N+](=O)[O-],-4.95,0.4,3,-4.2844377,-4.757548,-4.0335903
C1=C[C@@H]([C@@H]2[C@H]1[C@@]3(C(=C([C@]2(C3(Cl)Cl)Cl)Cl)Cl)Cl)Cl,-2.55,0.4,3,-3.349648,-3.4487357,-2.9256525
C/C=C/C=O,-4.22,0.4,3,-3.9381547,-4.12449,-3.8907187
C1CCOCC1,-3.12,0.4,3,-2.808952,-3.1751828,-2.354353
CC(C)CCOC=O,-2.13,0.4,3,-2.0488768,-2.243158,-1.8186588
CCOP(=O)(OCC)O/C(=C/Cl)/c1ccc(cc1Cl)Cl,-7.07,0.4,3,-6.7280602,-7.270849,-6.1497836
Cc1cccnc1,-4.77,0.4,3,-4.1359606,-4.2947526,-3.7604964
CC[C@@H](C)C(C)C,2.52,0.4,3,2.874407,2.810704,3.137725
c1ccsc1,-1.4,0.4,3,-2.1031952,-2.251405,-1.8320644
CC(=C)c1ccccc1,-1.24,0.4,3,-1.3795922,-1.5141449,-1.1986849
Cc1cccc(c1C)O,-6.16,0.4,3,-5.4587803,-5.7110286,-5.184677
CCCCCCCCO,-4.09,0.4,3,-3.7827337,-4.0717726,-3.2578435
C1CCC(CC1)O,-5.46,0.4,3,-5.111832,-5.5047903,-4.7709618
Cc1ccccc1C=O,-3.93,0.4,3,-3.7643526,-3.9345708,-3.5182767
c1ccc2c(c1)Oc3c(c(c(c(c3Cl)Cl)Cl)Cl)O2,-3.81,0.4,3,-3.604406,-3.96927,-3.1181023
C=CCC=C,0.93,0.4,3,0.8028705,0.82395196,1.0844176
COc1cccc(c1)N,-7.29,0.4,3,-6.5690765,-6.9442496,-6.417969
c1cc(c(cc1Cl)Cl)Cl,-1.12,0.4,3,-1.1087682,-1.4379511,-0.8831117
CC(C)Cc1ccccc1,0.16,0.4,3,-0.15480924,-0.2617929,-0.04576707
C1=CC(=O)C=CC1=O,-6.5,0.4,3,-8.693332,-9.954465,-7.598155
CC(F)F,-0.11,0.4,3,-0.039072514,0.12915206,0.2437365
CC(=CCC/C(=C\CO)/C)C,-4.78,0.4,3,-3.5576925,-3.780957,-3.3171117
c1ccc(c(c1)N)Cl,-4.91,0.4,3,-4.9575324,-5.2484226,-4.7284913
CCCC1CCCC1,2.13,0.4,3,2.32666,2.073641,2.6080515
CCCOC=O,-2.48,0.4,3,-2.3066921,-2.5902686,-2.1490068
CNC(=O)Oc1cccc2c1cccc2,-9.45,0.4,3,-7.9792585,-8.604789,-7.364443
c1c(=O)[nH]c(=O)[nH]c1Cl,-15.83,0.4,3,-14.660551,-15.729891,-13.303866
CCOP(=S)(OCC)Oc1ccc(cc1)[N+](=O)[O-],-6.74,0.4,3,-5.9884486,-6.594466,-5.5323586
CC(=O)C,-3.8,0.4,3,-5.0616207,-5.194766,-4.9407034
CC(C)(C)c1ccccc1,-0.44,0.4,3,-0.46395016,-0.6846349,-0.34389853
CCc1cccnc1,-4.59,0.4,3,-3.9089205,-4.0707664,-3.4687488
c1cnccc1C#N,-6.02,0.4,3,-7.1076174,-7.4912324,-6.719039
CCOCC,-1.59,0.4,3,-1.9521662,-2.0515776,-1.669508
c1ccc2cc3ccccc3cc2c1,-3.95,0.4,3,-3.5187223,-3.8194413,-3.222393
C[C@@H](C(F)(F)F)O,-4.16,0.4,3,-3.6122918,-3.9330478,-3.315815
CC=C,1.32,0.4,3,0.9802797,1.0596044,1.1784146
Cc1cccnc1C,-4.82,0.4,3,-4.1140738,-4.370047,-3.754663
CCCCC(=O)OCC,-2.49,0.4,3,-2.3515387,-2.5083952,-2.0735598
Cc1ccccc1C,-0.9,0.4,3,-0.7092316,-0.8059206,-0.48078632
C=CC=C,0.56,0.4,3,0.68670297,0.9693315,1.0650747
CC(Cl)(Cl)Cl,-0.19,0.4,3,-0.1446588,-0.22279811,0.05055356
CC(=O)c1ccncc1,-7.62,0.4,3,-7.6370625,-8.145699,-7.1560984
CCCCOC[C@H](C)O,-5.73,0.4,3,-5.6788244,-5.938566,-5.3714666
COS(=O)(=O)OC,-5.1,0.4,3,-4.845616,-5.8046527,-4.4536047
CC(C)Cc1cnccn1,-5.04,0.4,3,-5.2296057,-5.4526176,-4.8016043
c1ccc2cc(ccc2c1)N,-7.47,0.4,3,-6.625579,-7.092706,-6.3020267
c1ccc(cc1)c2c(cc(cc2Cl)Cl)Cl,-2.16,0.4,3,-2.201356,-2.5797114,-1.8893111
C1CC[S+2](C1)([O-])[O-],-8.61,0.4,3,-2.4508028,-2.7144122,-2.1337733
CCOP(=S)(OCC)SCSCC,-4.37,0.4,4,-5.3873463,-5.656869,-5.297688
C(C(CO)O)O,-13.43,0.4,4,-14.633196,-16.099182,-14.290068
CCCCCOC(=O)C,-2.51,0.4,4,-2.817979,-2.9802911,-2.6959383
c1ccc(cc1)CCl,-1.93,0.4,4,-2.2507737,-2.5028412,-2.1532059
CCCBr,-0.56,0.4,4,-0.5811746,-0.7303531,-0.54533887
C1CNC1,-5.56,0.4,4,-6.706031,-6.9721394,-6.499659
c1c(c(=O)[nH]c(=O)[nH]1)Br,-18.17,0.4,4,-17.36606,-17.716745,-16.187296
C([C@H]([C@H]([C@@H]([C@@H](CO)O)O)O)O)O,-23.62,0.4,4,-24.53967,-26.547186,-23.173859
CC=C,1.32,0.4,4,1.1241446,1.0127363,1.0813713
Cn1cccc1,-2.89,0.4,4,-4.8766823,-5.0476646,-4.805576
c1cc(cc(c1)O)C=O,-9.52,0.4,4,-9.183823,-9.47975,-8.769235
CCCC=O,-3.18,0.4,4,-3.0560079,-3.11058,-3.010151
c1cc(cc(c1)[N+](=O)[O-])N,-8.84,0.4,4,-9.02963,-9.18741,-8.57382
CN(C)C(=O)Nc1ccccc1,-9.13,0.4,4,-11.957603,-12.2853985,-11.172658
Cc1ccccc1,-0.9,0.4,4,-0.60924864,-0.77845025,-0.5432112
CCOC=O,-2.56,0.4,4,-2.5587785,-2.6424778,-2.466497
CCOCCO,-6.69,0.4,4,-6.538935,-6.788624,-6.3997498
CCCCCCOC(=O)C,-2.26,0.4,4,-2.7880716,-2.9535182,-2.6306481
CC(C)CC(=O)C,-3.05,0.4,4,-2.9560559,-3.0382838,-2.902027
CCI,-0.74,0.4,4,-0.8725927,-0.9176047,-0.8371601
CCCCCC=C,1.66,0.4,4,1.9381928,1.6987572,2.0250392
CCOCCOCC,-3.54,0.4,4,-4.2639723,-4.419732,-4.1720376
CCCC(C)(C)O,-3.92,0.4,4,-4.8886986,-5.0629525,-4.8578362
CCOCCOC(=O)C,-5.31,0.4,4,-5.6928864,-5.803773,-5.5108576
C(CCCl)CCl,-2.32,0.4,4,-2.0729551,-2.1135123,-1.9835653
CC[C@H](C)n1c(=O)c(c([nH]c1=O)C)Br,-9.73,0.4,4,-11.639011,-12.02804,-11.425702
C,2.0,0.4,4,-1.9074271,-2.065345,-1.5149453
Cc1ccccc1C=O,-3.93,0.4,4,-3.7827966,-4.0210457,-3.769115
C(C(F)(Cl)Cl)(F)(F)Cl,1.77,0.4,4,0.6793122,0.6182084,0.73506546
CC(C)OC,-2.01,0.4,4,-1.4096253,-1.4988723,-1.3351479
COP(=O)(OC)OC,-8.7,0.4,4,-7.1658463,-7.3592095,-7.330841
CC(C)CCOC(=O)C,-2.21,0.4,4,-2.5420938,-2.7053332,-2.4536905
CN(C)CCC=C1c2ccccc2CCc3c1cccc3,-7.43,0.4,4,-4.5557327,-4.938511,-4.2986183
CCCCC=O,-3.03,0.4,4,-2.9418888,-3.0296283,-2.8980665
CCCCCCC,2.67,0.4,4,2.7300234,2.46457,2.9392128
CCCCCCBr,0.18,0.4,4,0.07222533,-0.029344559,0.15099764
CCCN,-4.39,0.4,4,-4.5908136,-4.6926947,-4.6010833
c1ccc(cc1)I,-1.74,0.4,4,-1.5534427,-1.7038412,-1.5391443
CCN(CC)CC,-3.22,0.4,4,-3.3968368,-3.438454,-3.3779263
CCCCOC(=O)c1ccc(cc1)O,-8.72,0.4,4,-7.9540987,-8.35788,-7.610428
C(F)(F)Cl,-0.5,0.4,4,0.08436298,-0.07911229,0.12944126
Cc1c[nH]c2c1cccc2,-5.88,0.4,4,-7.0451393,-7.245759,-6.903084
CC(C)(C)O,-4.47,0.4,4,-5.5488,-5.668812,-5.595958
CCOC(=O)C,-2.94,0.4,4,-3.099682,-3.2102149,-2.9905105
C1CCCCC1,1.23,0.4,4,0.90923214,0.5976896,1.0268664
CC(=O)OC,-3.13,0.4,4,-3.1575148,-3.3185084,-3.1187637
C=O,-2.75,0.4,4,-3.2712615,-3.3265705,-3.444072
CCC(=O)O,-6.46,0.4,4,-6.5857916,-6.798596,-6.598487
CCCCCCCCCO,-3.88,0.4,4,-3.7761366,-3.9685483,-3.4208667
COCCN,-6.55,0.4,4,-6.615015,-6.9621124,-6.7819996
c1c(cc(c(c1Cl)Cl)Cl)Cl,-1.62,0.4,4,-1.3008204,-1.7617172,-1.0576105
CC(=O)Oc1ccccc1C(=O)O,-9.94,0.4,4,-8.07102,-8.439075,-7.4059324
CCCCCCCCN,-3.65,0.4,4,-3.523352,-3.7185,-3.2411542
CC(C)COC=O,-2.22,0.4,4,-1.9878951,-2.002655,-1.801905
CC(C)(C)c1ccccc1,-0.44,0.4,4,-1.0750387,-1.1766515,-0.90326476
CCCCC(=O)OC,-2.56,0.4,4,-2.430078,-2.5410788,-2.329011
CC(=O)OCCOC(=O)C,-6.34,0.4,4,-7.1333284,-7.3334484,-6.843176
CN(C)C,-3.2,0.4,4,-4.3748617,-4.451797,-4.5261197
C(I)I,-2.49,0.4,4,-1.9064473,-2.005015,-1.9421377
CCOC(=O)CCC(=O)OCC,-5.71,0.4,4,-5.2165165,-5.3627706,-5.1146574
CCCCC[N+](=O)[O-],-2.82,0.4,4,-2.9570189,-3.0653515,-2.8504324
COP(=S)(OC)Oc1ccc(cc1)[N+](=O)[O-],-7.19,0.4,4,-6.7681074,-7.091234,-6.5802574
[C@@H](C(F)(F)F)(OC(F)F)Cl,0.1,0.4,4,-0.94766283,-0.9410057,-0.77233005
CCC(C)(C)O,-4.43,0.4,4,-5.0705886,-5.1853333,-5.0260262
CC(C)(C)C(=O)OC,-2.4,0.4,4,-2.2749548,-2.2584457,-2.1070695
CI,-0.89,0.5,0,-0.9331496,-0.9606271,-0.97151494
CCOCCOCC,-3.54,0.5,0,-4.3041754,-4.360541,-4.2132993
C[C@@H](C(F)(F)F)O,-4.16,0.5,0,-4.298192,-4.391767,-4.0586348
COc1cccc(c1)N,-7.29,0.5,0,-7.071166,-7.202043,-7.0200214
CCCS,-1.1,0.5,0,-1.2726419,-1.3529584,-1.2273405
[C@@H](C(F)(F)F)(Cl)Br,-0.11,0.5,0,-0.123609304,-0.2389965,-0.024667501
CC(C)CC(=O)C,-3.05,0.5,0,-2.9643788,-2.9766405,-2.8957007
c1cc(ccc1Br)Br,-2.3,0.5,0,-1.6714184,-1.6847172,-1.5515053
c1ccc(cc1)CO,-6.62,0.5,0,-6.41004,-6.722702,-6.1161137
CCCN(CCC)C(=O)SCCC,-4.13,0.5,0,-5.6140165,-5.79467,-5.5000505
c1c(c(c(c(c1Cl)Cl)Cl)Cl)c2c(cc(c(c2Cl)Cl)Cl)Cl,-4.61,0.5,0,-2.978337,-3.497515,-2.7376428
COC=O,-2.78,0.5,0,-2.7669663,-2.7876701,-2.726142
C(C(Cl)(Cl)Cl)(Cl)(Cl)Cl,-0.64,0.5,0,-0.09520197,-0.18588328,-0.007318735
Cc1cccc(c1O)C,-5.26,0.5,0,-5.3713603,-5.4499073,-5.2264204
CC(=O)Oc1ccccc1C(=O)O,-9.94,0.5,0,-8.56865,-9.088173,-8.031837
C[C@@H]1CC[C@H]([C@@H](C1)O)C(C)C,-3.2,0.5,0,-4.0558014,-4.041682,-3.8263884
S,-0.7,0.5,0,-1.9142674,-1.686254,-1.5965235
CCCCCc1ccccc1,-0.23,0.5,0,-0.09310055,-0.2697456,-0.008180141
c1cc(cnc1)C#N,-6.75,0.5,0,-6.0567555,-6.2836065,-5.8539577
CCCCN,-4.24,0.5,0,-4.1566896,-4.3282332,-4.1666794
CCCCCC#C,0.6,0.5,0,0.49272394,0.37341213,0.58413506
Cc1ccc(nc1)C,-4.72,0.5,0,-4.7199893,-4.720755,-4.6353106
CS(=O)(=O)Cl,-4.87,0.5,0,-6.705723,-6.728527,-6.104248
CSC,-1.61,0.5,0,-1.153126,-1.1973531,-1.1648512
CCOC,-2.1,0.5,0,-2.0836592,-2.2284098,-2.0490587
c1ccc(cc1)S,-2.55,0.5,0,-3.005238,-3.0593429,-2.918479
CC(=O)CO[N+](=O)[O-],-5.99,0.5,0,-6.7809515,-6.868641,-6.6676064
COC(=O)c1ccc(cc1)O,-9.51,0.5,0,-9.177707,-9.526788,-8.892946
Cc1c[nH]c2c1cccc2,-5.88,0.5,0,-6.5235496,-6.854354,-6.3696036
CC(=O)c1ccccc1,-4.58,0.5,0,-4.483397,-4.5977664,-4.3633623
CCS,-1.14,0.5,0,-1.5948439,-1.6853721,-1.4936655
c1(c(c(c(c(c1Cl)Cl)Cl)Cl)Cl)Cl,-2.33,0.5,0,-2.1071932,-2.686318,-1.920073
CCCCCBr,-0.1,0.5,0,-0.16275191,-0.22533607,-0.08035922
CCc1ccc(cc1)O,-6.13,0.5,0,-5.9677815,-6.056651,-5.6874523
c1cc(ccc1C#N)O,-10.17,0.5,0,-8.296491,-8.613658,-8.1302185
CC(=O)OCC(COC(=O)C)OC(=O)C,-8.84,0.5,0,-6.7977753,-6.9957952,-6.7349095
C([C@@H]1[C@H]([C@@H]([C@H]([C@@H](O1)O)O)O)O)O,-25.47,0.5,0,-21.109442,-21.521109,-20.586006
CC#N,-3.88,0.5,0,-4.2368464,-4.2857985,-4.0849557
CCC[C@@H](C)O,-4.39,0.5,0,-4.65809,-4.850794,-4.667713
CC(=O)C1CCCCC1,-3.9,0.5,0,-2.9788394,-3.1709824,-2.8982146
C(F)Cl,-0.77,0.5,0,-1.1015217,-1.1241753,-1.0481613
CCN,-4.5,0.5,0,-4.571721,-4.603141,-4.491061
CCCSCCC,-1.28,0.5,0,-0.06580138,-0.2304151,-0.020447731
c1ccc(cc1)I,-1.74,0.5,0,-1.5716603,-1.5716512,-1.5860479
Cc1ccc(cc1)C(C)C,-0.68,0.5,0,-0.36403847,-0.4528544,-0.32926416
CCOP(=O)(OCC)OCC,-7.5,0.5,0,-6.966647,-7.1020823,-6.8069744
c1ccc(cc1)C(=O)N,-11.0,0.5,0,-9.212076,-9.648907,-8.764982
Cc1cc(c2ccccc2c1)C,-2.47,0.5,0,-2.3275957,-2.3194547,-2.221389
CC(C)C,2.3,0.5,0,1.9974928,1.8882847,2.066927
CC(C)CO,-4.5,0.5,0,-4.185305,-4.19029,-4.040596
CC1CCCCC1,1.7,0.5,0,1.5600839,1.4196396,1.753808
C=C(Cl)Cl,0.25,0.5,0,-0.4629674,-0.43614817,-0.3755777
C[C@@H](c1ccc2cc(ccc2c1)OC)C(=O)O,-10.21,0.5,0,-9.6705,-10.122921,-9.210701
CCC(=O)CC,-3.41,0.5,0,-3.3362281,-3.4044702,-3.2458193
CCCCCCCI,0.27,0.5,0,0.2803893,0.16335726,0.3698845
Cc1ccccc1N,-5.53,0.5,0,-5.1969376,-5.198868,-5.090394
CC(=C)C,1.16,0.5,0,1.4175415,1.4002156,1.4632983
CCC(C)(C)O,-4.43,0.5,0,-4.29022,-4.3007593,-4.1660995
CCCN(CCC)c1c(cc(cc1[N+](=O)[O-])S(=O)(=O)C)[N+](=O)[O-],-7.98,0.5,0,-7.176503,-7.443948,-6.8303223
C[C@@H](CCO[N+](=O)[O-])O[N+](=O)[O-],-4.29,0.5,0,-4.3708754,-4.48961,-4.2496753
C1COCCN1,-7.17,0.5,0,-6.221532,-6.219151,-6.056304
CC=C,1.32,0.5,0,1.323822,1.3281555,1.3484249
CCCCCCCC=C,2.06,0.5,0,1.9490094,1.8165841,2.1035023
Cc1ccc(c2c1cccc2)C,-2.82,0.5,0,-2.1926665,-2.191732,-2.0628948
c1cc(c(cc1c2ccc(cc2F)F)C(=O)O)O,-9.4,0.5,0,-8.958339,-9.421332,-8.310179
CCC(C)CC,2.51,0.5,1,2.4834309,2.4447026,2.4746122
C[C@@H](c1ccc(c(c1)F)c2ccccc2)C(=O)O,-8.42,0.5,1,-8.463306,-8.775843,-7.9151216
CCCCCCCC(=O)C,-2.49,0.5,1,-2.663505,-2.7059069,-2.596263
CCC/C=C/C=O,-3.68,0.5,1,-3.7879512,-3.849412,-3.767691
CC(C)(C)c1ccc(cc1)O,-5.91,0.5,1,-5.157882,-5.35308,-5.117063
C[C@@H]1CC[C@H](CC1=O)C(=C)C,-3.75,0.5,1,-2.9630709,-2.962535,-2.9084387
C1(C(C(C1(F)F)(F)F)(F)F)(F)F,3.43,0.5,1,3.008059,3.0709205,3.079874
CC[C@H](C)c1ccccc1,-0.45,0.5,1,-0.1828103,-0.16595197,-0.09707332
c1ccncc1,-4.69,0.5,1,-4.2731194,-4.443724,-4.113043
CCC(C)(C)O,-4.43,0.5,1,-4.2649903,-4.225946,-4.277724
CCCCC=C,1.58,0.5,1,1.7185264,1.6322207,1.7659736
CCCCCCCl,0.0,0.5,1,0.4005885,0.3139367,0.44461298
CCCCC(=O)C,-3.28,0.5,1,-3.1930137,-3.2699823,-3.1995506
c1ccc(cc1)CCCO,-6.92,0.5,1,-6.019348,-6.299254,-5.5209055
c1cc(c(c(c1Cl)Cl)Cl)Cl,-1.34,0.5,1,-1.8520827,-2.1265197,-1.6353712
C(=C(F)F)(C(F)(F)F)F,2.93,0.5,1,2.071021,1.9645519,1.945199
CCC(C)(C)CC,2.56,0.5,1,2.369546,2.328786,2.3732715
CCOP(=S)(OCC)SCSc1ccc(cc1)Cl,-6.5,0.5,1,-4.95317,-5.0867057,-4.6272755
CCC[C@H](CC)O,-4.06,0.5,1,-4.0299807,-4.0863047,-3.9275749
CCCCCCN,-3.95,0.5,1,-4.1772933,-4.2253637,-4.055253
CCC[N+](=O)[O-],-3.34,0.5,1,-3.2846024,-3.3577776,-3.2414126
C(C(F)(F)F)O,-4.31,0.5,1,-4.689832,-4.7549663,-4.642716
CC(C)COC=O,-2.22,0.5,1,-1.9151171,-2.054315,-1.9035003
Cc1ccccc1O,-5.9,0.5,1,-5.9230766,-6.109378,-5.7263575
COC(=O)C(F)(F)F,-1.1,0.5,1,-0.5651951,-0.5467367,-0.5793178
C[C@H]1CCCO1,-3.3,0.5,1,-3.283358,-3.3801517,-3.3222442
CBr,-0.82,0.5,1,-1.0220084,-1.0117834,-1.069588
c1cc(cc(c1)O)C=O,-9.52,0.5,1,-9.04103,-9.269394,-8.743118
CCCCCCC=C,1.92,0.5,1,2.0225468,1.8539066,2.0694866
CCOP(=S)(OCC)Oc1cc(nc(n1)C(C)C)C,-6.48,0.5,1,-5.7940683,-5.950964,-5.645958
C(C(Cl)(Cl)Cl)(Cl)Cl,-1.23,0.5,1,-1.2349181,-1.3002529,-1.2219248
CC(=O)Oc1ccccc1C(=O)O,-9.94,0.5,1,-8.920779,-9.350836,-8.363993
CCCCCN,-4.09,0.5,1,-4.2035007,-4.297504,-4.1866746
C[C@H](C(F)(F)F)O,-4.2,0.5,1,-3.3702826,-3.354765,-3.1953986
c1cc(c(c(c1)Cl)C#N)Cl,-4.71,0.5,1,-3.9536693,-4.0776916,-3.6862388
CC(C)(C)OC,-2.21,0.5,1,-1.4802561,-1.3797417,-1.3961844
c1ccc2c(c1)cccc2N,-7.28,0.5,1,-6.7660637,-6.930072,-6.566944
CC[C@H](C)O,-4.62,0.5,1,-4.289461,-4.3712835,-4.2553344
Cc1cc(cnc1)C,-4.84,0.5,1,-5.064876,-5.0988073,-5.041439
CC(C)(C)O,-4.47,0.5,1,-4.4967413,-4.3433046,-4.3744698
C1CCCC(CC1)O,-5.48,0.5,1,-4.943555,-5.0810394,-4.839695
C=CCC=C,0.93,0.5,1,0.75646734,0.7531266,0.90874004
CCc1cccc(c1)O,-6.25,0.5,1,-6.2045918,-6.4001837,-6.036894
CN(CC(F)(F)F)c1ccccc1,-1.92,0.5,1,-2.69293,-2.9215713,-2.6528966
CC(C)Cc1ccccc1,0.16,0.5,1,-0.28459764,-0.29433155,-0.29228902
CC1CCCC1,1.59,0.5,1,1.7531219,1.6855445,1.8370509
CC(C)C(=O)C,-3.24,0.5,1,-3.3729475,-3.4748635,-3.4012556
CCc1cccc2c1cccc2,-2.4,0.5,1,-2.3211813,-2.4447803,-2.2394257
CC(C)C=C,1.83,0.5,1,1.6197867,1.6146522,1.5886188
CCCC#C,0.01,0.5,1,-0.11213517,-0.113648176,-0.06951022
C1C=CC[C@@H]2[C@@H]1C(=O)N(C2=O)SC(Cl)(Cl)Cl,-9.01,0.5,1,-7.731436,-8.063318,-7.5452003
c1ccc(c(c1)N)Cl,-4.91,0.5,1,-5.580085,-5.658236,-5.449738
CN(C)C=O,-7.81,0.5,1,-7.972454,-8.101786,-7.894611
CCCCC(C)C,2.93,0.5,1,2.682682,2.6267729,2.736072
COC(CCl)(OC)OC,-4.59,0.5,1,-5.186357,-5.3476324,-5.1047645
COC(C(F)(F)F)(OC)OC,-0.8,0.5,1,-3.630383,-3.6321263,-3.5149856
c1cc(cc(c1)C(F)(F)F)C(F)(F)F,1.07,0.5,1,0.5261693,0.33578682,0.59866285
CC(=O)C1CCCCC1,-3.9,0.5,1,-3.537222,-3.586872,-3.3710341
CC(=O)O,-6.69,0.5,1,-7.788851,-7.8273916,-7.503091
CCC[C@H](C)CC,2.71,0.5,1,2.7376924,2.6265965,2.6886134
CCCc1ccccc1,-0.53,0.5,1,-0.4582703,-0.4898579,-0.4252658
CCCCCI,-0.14,0.5,1,-0.21731019,-0.26751542,-0.21673012
CCCCCc1ccccc1,-0.23,0.5,1,-0.17061257,-0.21262407,-0.06977773
CCNc1nc(nc(n1)SC)NC(C)(C)C,-6.68,0.5,1,-7.8055677,-7.997483,-7.847135
CC[C@@H](C)C(C)C,2.52,0.5,1,2.6616135,2.6126056,2.6058369
CC(C)OC=O,-2.02,0.5,2,-2.6884859,-3.195533,-2.6824002
c1ccc(cc1)O,-6.6,0.5,2,-6.4831905,-7.1268263,-6.0358744
CCCCO[N+](=O)[O-],-2.09,0.5,2,-2.2798986,-2.5043993,-1.8330673
C1[C@@H]2[C@H](COS(=O)O1)[C@@]3(C(=C([C@]2(C3(Cl)Cl)Cl)Cl)Cl)Cl,-4.23,0.5,2,-5.065939,-5.8937564,-4.435618
c1ccc(cc1)CCCO,-6.92,0.5,2,-5.4383535,-5.881011,-4.782086
COCCOC,-4.84,0.5,2,-4.0945935,-4.647177,-3.9597516
Cc1cccc(c1C)C,-1.21,0.5,2,-1.4134891,-1.5729518,-1.0157583
[C@@H](C(F)(F)F)(Cl)Br,-0.11,0.5,2,0.34482455,0.090955734,0.8820164
c1cc(cc(c1)Cl)Cl,-0.98,0.5,2,-1.1702869,-1.441004,-0.7408147
CCCCOCCO,-6.25,0.5,2,-5.613399,-6.188056,-5.410522
CCC(=O)N,-9.4,0.5,2,-9.286867,-10.264525,-8.748409
C[C@@H](c1cccc(c1)C(=O)c2ccccc2)C(=O)O,-10.78,0.5,2,-9.385425,-10.531765,-8.482287
CCCC=O,-3.18,0.5,2,-2.9851775,-3.253683,-2.8853672
Cc1ccccc1[N+](=O)[O-],-3.58,0.5,2,-3.7072988,-4.2118607,-3.2623613
C(=C(Cl)Cl)(Cl)Cl,0.1,0.5,2,0.07570553,-0.064852,0.39953303
C([C@@H]1[C@H]([C@@H]([C@H]([C@@H](O1)O)O)O)O)O,-25.47,0.5,2,-17.791153,-19.20128,-16.593334
CCCCOC[C@H](C)O,-5.73,0.5,2,-5.5284576,-6.0981183,-5.351748
CCCOC(=O)c1ccc(cc1)O,-9.37,0.5,2,-8.3305235,-9.4038315,-7.766198
CCC(C)CC,2.51,0.5,2,2.5136378,2.4188159,2.7175229
CCc1cccc2c1cccc2,-2.4,0.5,2,-2.6768656,-3.1913445,-2.4189436
CNc1ccccc1,-4.69,0.5,2,-5.7006984,-6.3198395,-5.375057
CCCCC(=O)C,-3.28,0.5,2,-3.203483,-3.5434308,-2.9442194
CS,-1.2,0.5,2,-1.9079084,-2.108499,-1.597513
CCCCCCCCCO,-3.88,0.5,2,-3.3402202,-3.5808086,-2.7768812
c1cc(ccc1N)N(=O)=O,-9.82,0.5,2,-8.52489,-9.470952,-7.8922997
c1cc(cc(c1)Cl)N,-5.82,0.5,2,-6.075017,-6.6450872,-5.60878
C1CCOCC1,-3.12,0.5,2,-2.944652,-3.3392215,-2.521747
Cc1ccccc1Cl,-1.14,0.5,2,-1.4458289,-1.6146686,-1.0871577
CCSCC,-1.46,0.5,2,-1.0408912,-1.2493014,-0.79454136
CCCCc1ccccc1,-0.4,0.5,2,-0.58235765,-0.7940519,-0.2748232
c1ccc(cc1)C#N,-4.1,0.5,2,-4.808202,-5.258116,-4.2711735
C[C@H]1CCCO1,-3.3,0.5,2,-3.3844857,-3.7620432,-3.0717287
CC(C)(C)C(=O)OC,-2.4,0.5,2,-3.3355217,-3.910157,-3.0349462
CN(C)c1ccccc1,-3.45,0.5,2,-4.382337,-4.972505,-4.0367026
CCC[C@@H](C)O,-4.39,0.5,2,-4.325211,-4.675133,-4.1941013
CCN(CC)CC,-3.22,0.5,2,-3.4886427,-3.8160138,-3.3885188
c1cc(cc(c1)Cl)O,-6.62,0.5,2,-6.6936026,-7.30109,-6.146839
CCOC=O,-2.56,0.5,2,-2.8238525,-3.2447913,-2.6692028
c1ccc(cc1)Cn2ccnc2,-7.63,0.5,2,-6.759512,-7.5030184,-6.0850387
CC1=CC[C@H](C[C@@H]1O)C(=C)C,-4.44,0.5,2,-5.287456,-5.852207,-5.003594
c1cc(ccc1[N+](=O)[O-])O,-10.64,0.5,2,-8.938541,-9.951191,-8.226838
C=C(c1ccccc1)c2ccccc2,-2.78,0.5,2,-2.9154377,-3.5136297,-2.5742283
CCC=O,-3.43,0.5,2,-3.274931,-3.4746692,-3.1645305
c1ccc(c(c1)[N+](=O)[O-])O,-4.58,0.5,2,-7.2827725,-8.101096,-6.623498
CCCCS,-0.99,0.5,2,-1.1442323,-1.342031,-0.8030329
COc1ccc(cc1)C(=O)OC,-5.33,0.5,2,-6.4380136,-7.349843,-5.916687
c1ccsc1,-1.4,0.5,2,-2.8878908,-3.167458,-2.3141541
c1ccc2cc(ccc2c1)N,-7.47,0.5,2,-6.9155025,-7.7474737,-6.386174
COC(=O)C1CCCCC1,-3.3,0.5,2,-3.2456887,-3.6675756,-2.773393
CCCCCC=O,-2.81,0.5,2,-2.7667952,-2.988755,-2.4275217
C[C@@H]1CC[C@H](CC1=O)C(=C)C,-3.75,0.5,2,-3.3130033,-3.7102349,-3.0898082
CN(C)C(=O)Nc1ccccc1,-9.13,0.5,2,-11.758671,-13.10523,-10.784948
c1cc(c(cc1c2cc(c(c(c2Cl)Cl)Cl)Cl)Cl)Cl,-3.04,0.5,2,-3.9389515,-4.6294656,-3.4424639
CC(=C)[C@H]1CCC(=CC1)C=O,-4.09,0.5,2,-3.3899884,-3.7973802,-3.098986
CC(C)CCOC=O,-2.13,0.5,2,-2.0756958,-2.489067,-1.9019608
CC(C)(C)C,2.51,0.5,2,2.863767,2.8472688,3.2982137
CCCCO,-4.72,0.5,2,-4.914953,-5.3072834,-4.7611732
Cc1ccccc1C,-0.9,0.5,2,-1.1561377,-1.2669852,-0.78205585
CCCC(C)C,2.51,0.5,2,2.5089571,2.4308279,2.7994888
CCCCCCCCCC(=O)C,-2.15,0.5,2,-1.9320048,-2.2409992,-1.4955735
c1ccnc(c1)Cl,-4.39,0.5,2,-4.4167323,-4.9802656,-3.9364755
Cc1ccncc1,-4.93,0.5,2,-4.5747085,-5.0465274,-4.1567163
CC(C)CBr,-0.03,0.5,2,-0.4113884,-0.47722626,-0.1496954
CCCN(CCC)C(=O)SCCC,-4.13,0.5,2,-5.490603,-6.3298116,-5.2517185
Cc1ccccn1,-4.63,0.5,2,-4.647727,-5.1258163,-4.226665
C=CCCC=C,1.01,0.5,3,0.8377154,0.77683043,0.90037847
Cc1cc(cnc1)C,-4.84,0.5,3,-4.392581,-4.341778,-4.203351
c1cc(c(cc1O)Cl)Cl,-7.29,0.5,3,-6.425237,-6.4873896,-6.2885046
C(=C(Cl)Cl)Cl,-0.44,0.5,3,-0.2787118,-0.33010316,-0.3008108
C,2.0,0.5,3,-1.3331072,-1.5839596,-0.95270824
CN(C)C=O,-7.81,0.5,3,-8.751872,-8.795345,-8.761561
CN(C)CCOC(c1ccccc1)c2ccccc2,-9.34,0.5,3,-5.1135206,-5.4644666,-4.791641
CCCO,-4.85,0.5,3,-5.1426187,-5.2430444,-5.0934677
CCCC(=O)CCC,-2.92,0.5,3,-2.6428819,-2.804269,-2.6598132
CC(C)[N+](=O)[O-],-3.13,0.5,3,-2.7237973,-2.7643023,-2.6675591
CCCCCCCC=O,-2.29,0.5,3,-2.1888247,-2.3089118,-2.1289325
CC(C)OC=O,-2.02,0.5,3,-2.3004565,-2.4499547,-2.1789622
CC1CCC(CC1)C,2.11,0.5,3,2.1191018,2.098212,2.2058394
CCCCCCCl,0.0,0.5,3,0.47359776,0.34973836,0.5174129
c1c2c(cc(c1Cl)Cl)Oc3cc(c(cc3O2)Cl)Cl,-3.37,0.5,3,-3.386975,-3.667358,-3.264571
C(=C\Cl)\Cl,-1.17,0.5,3,-0.8809633,-0.9123819,-0.8420088
CCCCCC,2.48,0.5,3,2.73119,2.7223785,2.8547394
C[C@@H](CO[N+](=O)[O-])O[N+](=O)[O-],-4.95,0.5,3,-4.620414,-4.7365794,-4.627725
C1=C[C@@H]([C@@H]2[C@H]1[C@@]3(C(=C([C@]2(C3(Cl)Cl)Cl)Cl)Cl)Cl)Cl,-2.55,0.5,3,-2.9771075,-3.0561464,-2.8470182
C/C=C/C=O,-4.22,0.5,3,-4.226403,-4.2448835,-4.258294
C1CCOCC1,-3.12,0.5,3,-2.8665414,-3.1834269,-2.6350389
CC(C)CCOC=O,-2.13,0.5,3,-2.0038164,-2.1435232,-2.017511
CCOP(=O)(OCC)O/C(=C/Cl)/c1ccc(cc1Cl)Cl,-7.07,0.5,3,-6.619388,-6.8626795,-6.3378496
Cc1cccnc1,-4.77,0.5,3,-4.375205,-4.378456,-4.25892
CC[C@@H](C)C(C)C,2.52,0.5,3,2.7958376,2.822891,2.7916424
c1ccsc1,-1.4,0.5,3,-1.9927874,-1.9259186,-1.8019471
CC(=C)c1ccccc1,-1.24,0.5,3,-1.3062189,-1.394737,-1.2882221
Cc1cccc(c1C)O,-6.16,0.5,3,-5.5274205,-5.676265,-5.4108896
CCCCCCCCO,-4.09,0.5,3,-3.7564776,-3.9513702,-3.4695752
C1CCC(CC1)O,-5.46,0.5,3,-5.284187,-5.548504,-4.9289684
Cc1ccccc1C=O,-3.93,0.5,3,-3.8001785,-3.8910358,-3.7585254
c1ccc2c(c1)Oc3c(c(c(c(c3Cl)Cl)Cl)Cl)O2,-3.81,0.5,3,-3.706643,-3.9353108,-3.5377448
C=CCC=C,0.93,0.5,3,1.0272481,1.0266635,1.0312865
COc1cccc(c1)N,-7.29,0.5,3,-6.855095,-6.937455,-6.8218937
c1cc(c(cc1Cl)Cl)Cl,-1.12,0.5,3,-1.0459154,-1.2525032,-1.0135381
CC(C)Cc1ccccc1,0.16,0.5,3,-0.25832987,-0.26862717,-0.2026937
C1=CC(=O)C=CC1=O,-6.5,0.5,3,-9.199134,-9.198285,-8.699184
CC(F)F,-0.11,0.5,3,0.14005065,0.18641114,0.22796273
CC(=CCC/C(=C\CO)/C)C,-4.78,0.5,3,-3.3927503,-3.6096256,-3.3555307
c1ccc(c(c1)N)Cl,-4.91,0.5,3,-5.174677,-5.243559,-5.1310396
CCCC1CCCC1,2.13,0.5,3,2.283159,2.2209146,2.4385016
CCCOC=O,-2.48,0.5,3,-2.35888,-2.528492,-2.3077037
CNC(=O)Oc1cccc2c1cccc2,-9.45,0.5,3,-8.424988,-8.822968,-8.177345
c1c(=O)[nH]c(=O)[nH]c1Cl,-15.83,0.5,3,-14.803651,-14.97177,-13.951416
CCOP(=S)(OCC)Oc1ccc(cc1)[N+](=O)[O-],-6.74,0.5,3,-6.1074944,-6.414252,-6.0027714
CC(=O)C,-3.8,0.5,3,-4.9668303,-4.9120135,-4.943128
CC(C)(C)c1ccccc1,-0.44,0.5,3,-0.6144283,-0.7160289,-0.5043676
CCc1cccnc1,-4.59,0.5,3,-4.1875377,-4.2751126,-4.0139174
c1cnccc1C#N,-6.02,0.5,3,-7.0836763,-7.0834417,-6.826618
CCOCC,-1.59,0.5,3,-1.9353949,-2.0339503,-1.8588922
c1ccc2cc3ccccc3cc2c1,-3.95,0.5,3,-3.7995014,-3.9752316,-3.664901
C[C@@H](C(F)(F)F)O,-4.16,0.5,3,-3.5546098,-3.7373838,-3.4342165
CC=C,1.32,0.5,3,1.0806186,1.0919917,1.0097587
Cc1cccnc1C,-4.82,0.5,3,-4.277335,-4.376586,-4.1866655
CCCCC(=O)OCC,-2.49,0.5,3,-2.2932787,-2.423765,-2.255908
Cc1ccccc1C,-0.9,0.5,3,-0.7682123,-0.70739007,-0.6824994
C=CC=C,0.56,0.5,3,0.7584655,0.9585359,0.91837144
CC(Cl)(Cl)Cl,-0.19,0.5,3,0.059472084,-0.08726621,0.21407199
CC(=O)c1ccncc1,-7.62,0.5,3,-7.5450735,-7.7753735,-7.4232144
CCCCOC[C@H](C)O,-5.73,0.5,3,-5.7195497,-5.972928,-5.551029
COS(=O)(=O)OC,-5.1,0.5,3,-5.5474033,-5.952886,-5.3567033
CC(C)Cc1cnccn1,-5.04,0.5,3,-4.939634,-5.1748695,-4.8158116
c1ccc2cc(ccc2c1)N,-7.47,0.5,3,-7.1153145,-7.326489,-6.882319
c1ccc(cc1)c2c(cc(cc2Cl)Cl)Cl,-2.16,0.5,3,-2.2486835,-2.5630913,-2.2146559
C1CC[S+2](C1)([O-])[O-],-8.61,0.5,3,-2.7270622,-2.7998,-2.7093568
CCOP(=S)(OCC)SCSCC,-4.37,0.5,4,-5.6374855,-5.8804045,-5.2344604
C(C(CO)O)O,-13.43,0.5,4,-14.579271,-15.120619,-13.534931
CCCCCOC(=O)C,-2.51,0.5,4,-2.9007244,-3.1174622,-2.739237
c1ccc(cc1)CCl,-1.93,0.5,4,-2.2687614,-2.442382,-2.0459085
CCCBr,-0.56,0.5,4,-0.58625364,-0.6314714,-0.5124409
C1CNC1,-5.56,0.5,4,-6.6330414,-6.9060416,-6.3887577
c1c(c(=O)[nH]c(=O)[nH]1)Br,-18.17,0.5,4,-17.572208,-18.175533,-16.006039
C([C@H]([C@H]([C@@H]([C@@H](CO)O)O)O)O)O,-23.62,0.5,4,-24.017912,-24.936607,-21.969553
CC=C,1.32,0.5,4,1.1237888,1.0907888,1.1786466
Cn1cccc1,-2.89,0.5,4,-5.293886,-5.4124484,-5.0561275
c1cc(cc(c1)O)C=O,-9.52,0.5,4,-9.221426,-9.514105,-8.577662
CCCC=O,-3.18,0.5,4,-3.1120305,-3.1321857,-3.036475
c1cc(cc(c1)[N+](=O)[O-])N,-8.84,0.5,4,-9.002024,-9.314951,-8.337328
CN(C)C(=O)Nc1ccccc1,-9.13,0.5,4,-12.133528,-12.605833,-11.179878
Cc1ccccc1,-0.9,0.5,4,-0.71512914,-0.82897663,-0.53412175
CCOC=O,-2.56,0.5,4,-2.6625714,-2.829829,-2.5619025
CCOCCO,-6.69,0.5,4,-6.850891,-7.0543194,-6.6227045
CCCCCCOC(=O)C,-2.26,0.5,4,-2.8215594,-3.0482836,-2.6301785
CC(C)CC(=O)C,-3.05,0.5,4,-3.0131361,-3.0742898,-2.9050102
CCI,-0.74,0.5,4,-0.7032256,-0.77597475,-0.69712996
CCCCCC=C,1.66,0.5,4,1.899837,1.7907529,1.9860506
CCOCCOCC,-3.54,0.5,4,-4.5047345,-4.6252794,-4.3221273
CCCC(C)(C)O,-3.92,0.5,4,-4.7302175,-4.993293,-4.6489787
CCOCCOC(=O)C,-5.31,0.5,4,-5.7014217,-5.992694,-5.484344
C(CCCl)CCl,-2.32,0.5,4,-1.9444307,-2.045125,-1.8836443
CC[C@H](C)n1c(=O)c(c([nH]c1=O)C)Br,-9.73,0.5,4,-11.747471,-12.336525,-11.069838
C,2.0,0.5,4,-1.8889314,-2.092351,-1.4731734
Cc1ccccc1C=O,-3.93,0.5,4,-4.115953,-4.258928,-3.9502196
C(C(F)(Cl)Cl)(F)(F)Cl,1.77,0.5,4,0.8891306,0.8857646,0.9638729
CC(C)OC,-2.01,0.5,4,-1.498343,-1.6171947,-1.3079045
COP(=O)(OC)OC,-8.7,0.5,4,-7.5488043,-7.656459,-7.253707
CC(C)CCOC(=O)C,-2.21,0.5,4,-2.6242661,-2.7586837,-2.4342976
CN(C)CCC=C1c2ccccc2CCc3c1cccc3,-7.43,0.5,4,-4.7081637,-4.893188,-4.3571863
CCCCC=O,-3.03,0.5,4,-3.0970821,-3.1529832,-3.0346045
CCCCCCC,2.67,0.5,4,2.715363,2.5233436,2.8581595
CCCCCCBr,0.18,0.5,4,0.13872409,0.07670665,0.25740194
CCCN,-4.39,0.5,4,-4.4881277,-4.5870457,-4.4260774
c1ccc(cc1)I,-1.74,0.5,4,-1.6308045,-1.6697993,-1.4520128
CCN(CC)CC,-3.22,0.5,4,-3.6048036,-3.6987877,-3.4195004
CCCCOC(=O)c1ccc(cc1)O,-8.72,0.5,4,-7.9337435,-8.431417,-7.5499563
C(F)(F)Cl,-0.5,0.5,4,-0.0015995502,-0.10435963,0.017110348
Cc1c[nH]c2c1cccc2,-5.88,0.5,4,-6.9588556,-7.111414,-6.5652113
CC(C)(C)O,-4.47,0.5,4,-5.46804,-5.67813,-5.2950473
CCOC(=O)C,-2.94,0.5,4,-3.2411196,-3.4201896,-3.109671
C1CCCCC1,1.23,0.5,4,0.88854647,0.64038324,1.0673351
CC(=O)OC,-3.13,0.5,4,-3.3934603,-3.5428681,-3.2192822
C=O,-2.75,0.5,4,-3.6809437,-3.8858054,-3.6884158
CCC(=O)O,-6.46,0.5,4,-7.169832,-7.2407107,-6.8223925
CCCCCCCCCO,-3.88,0.5,4,-3.7471037,-3.9153554,-3.3894758
COCCN,-6.55,0.5,4,-7.0819263,-7.2241898,-6.982295
c1c(cc(c(c1Cl)Cl)Cl)Cl,-1.62,0.5,4,-1.3791723,-1.6656685,-1.183269
CC(=O)Oc1ccccc1C(=O)O,-9.94,0.5,4,-8.30233,-8.862858,-7.481336
CCCCCCCCN,-3.65,0.5,4,-3.479103,-3.6102798,-3.1380522
CC(C)COC=O,-2.22,0.5,4,-1.9757361,-2.0635118,-1.7913488
CC(C)(C)c1ccccc1,-0.44,0.5,4,-1.1505837,-1.258909,-0.8386228
CCCCC(=O)OC,-2.56,0.5,4,-2.543682,-2.6502461,-2.3360426
CC(=O)OCCOC(=O)C,-6.34,0.5,4,-6.9203963,-7.281296,-6.6241674
CN(C)C,-3.2,0.5,4,-4.258033,-4.3609424,-4.1949496
C(I)I,-2.49,0.5,4,-1.6844041,-1.7480572,-1.7936765
CCOC(=O)CCC(=O)OCC,-5.71,0.5,4,-5.3925185,-5.74605,-5.219477
CCCCC[N+](=O)[O-],-2.82,0.5,4,-2.995857,-3.2114496,-2.8180256
COP(=S)(OC)Oc1ccc(cc1)[N+](=O)[O-],-7.19,0.5,4,-7.2650566,-7.729835,-6.835366
[C@@H](C(F)(F)F)(OC(F)F)Cl,0.1,0.5,4,-0.7466321,-0.75973153,-0.6452098
CCC(C)(C)O,-4.43,0.5,4,-4.8718653,-5.08977,-4.7150364
CC(C)(C)C(=O)OC,-2.4,0.5,4,-2.5278695,-2.637295,-2.2432852
