smiles,activity,alpha,fold,median,lower_quantile,upper_quantile
C=CC(=O)Nc1cccc(Nc2nc(Nc3ccc(Oc4ccnc(C(=O)NC)c4)cc3)ncc2F)c1,-0.403402904,0.1,0,0.58339906,-0.8354675,1.5271702
COc1ccccc1C(=O)Nc1ccc2cc[nH]c2c1,0.505149978,0.1,0,0.55038583,-0.94513994,1.5398908
N#Cc1ccc(COc2cccc(C3CCN(Cc4nc5ccc(C(=O)O)cc5n4C[C@@H]4CCO4)CC3)n2)c(F)c1,0.402433346,0.1,0,1.0405307,-0.76383144,1.7651148
O=C(c1ccc(Oc2ccccc2)cc1Cl)c1c[nH]c2ncnc(N[C@@H]3CC[C@@H](CO)OC3)c12,-0.467245621,0.1,0,0.877806,-0.90698916,1.6842196
NC1CCCC1C(=O)N1CCC(c2c[nH]c3ncccc23)CC1,1.71701274,0.1,0,1.5141239,-0.80287,2.0257664
Cc1ncsc1C(=O)N1CCCCC1c1nc(N)ncc1-c1cccc(C(F)(F)F)c1,0.615318657,0.1,0,0.87081146,-0.77448493,1.677372
COc1ccccc1-c1cc(NC(=O)c2cccc(N3CCNC3=O)c2)[nH]n1,-0.397940009,0.1,0,0.65362215,-0.83982676,1.5826328
COCCNC(=O)c1ccnc(C2CCNCC2)c1,2.0,0.1,0,1.2591004,-0.54999477,1.8227046
Cc1cc(F)ccc1C1C(=O)NCCN1C(=O)c1ccc2nccn2c1,1.78096503,0.1,0,0.73951876,-0.8342002,1.6257212
COc1cc2c(cc1OC)CN(CCc1ccc(NC(=O)c3cccc4c(O)c5cccc(OC)c5nc34)cc1)CC2,-1.207608311,0.1,0,0.7060325,-0.8725669,1.6009991
CN(Cc1ccccc1)C1(C(=O)N2CCNC(=O)CC2)Cc2ccccc2C1,0.904931827,0.1,0,1.1440055,-0.6288288,1.8181973
CN1CCN(S(=O)(=O)c2ccc(-c3cnc(N)c(C(=O)Nc4cccnc4)n3)cc2)CC1,1.078638038,0.1,0,0.96302104,-0.80873674,1.7030047
CCN1CCN(S(=O)(=O)Cc2ccc(Cl)c(Cl)c2)CC1,1.249124949,0.1,0,1.4003525,-0.6277979,1.8988705
CNC(=O)C1(Cc2ccc(-c3cccnc3)cc2)CCN(Cc2cccc(F)c2)C1,0.829753919,0.1,0,1.0042994,-0.7513127,1.7400057
Cc1cc(N2CCCC2c2cc(CCC(=O)O)cc(C)n2)ncn1,2.0,0.1,0,0.9777062,-0.6207159,1.6782798
COc1nc2sc(C(=O)NC3CC3)c(N)c2c(C)c1Cl,0.245512668,0.1,0,0.8518244,-0.8496049,1.6717124
COc1ccc([C@H]2CN(C(C)=O)[C@@H]3CCCN(Cc4cccc(F)c4)[C@H]23)cc1,0.595385981,0.1,0,1.2633017,-0.77054375,1.9060974
COc1ccc(S(=O)(=O)N2CCC(N3CCC(C)CC3)CC2)cc1,1.729799023,0.1,0,1.6553397,-0.7838796,2.084418
CC(O)(C#Cc1ccc2c(c1)N(c1nc(N)ncc1Cl)CC2)c1nccs1,-0.122628654,0.1,0,0.6921003,-0.7633359,1.5526195
COc1ccc(CNC(=O)c2sc3nc(C)cc(C)c3c2N)cc1,-0.356547324,0.1,0,0.5944962,-0.8102066,1.5112503
OCC1CCCCN1Cc1ccc(-c2ccccc2)cc1,1.368007805,0.1,1,1.3594751,-1.2973816,2.0316448
O=C(Nc1cnccc1-c1ccc(Cl)cc1)c1ccnc(NC(=O)C2CC2)c1,0.369957607,0.1,1,0.8774438,-1.1484599,1.9490271
CNc1cc(Nc2cccn(-c3ccccn3)c2=O)nn2c(C(=O)N[C@@H]3C[C@@H]3F)cnc12,0.991226076,0.1,1,0.8916445,-1.2088683,1.9763641
Cc1cccc(/C=N/Nc2cc(N3CCOCC3)nc(OCCc3ccccn3)n2)c1,-0.548213564,0.1,1,0.9875478,-0.96774477,1.8840804
Cc1oc2ccccc2c1CNc1nnc(-c2ccncc2)o1,0.717254313,0.1,1,0.5978448,-1.1441507,1.9254041
C#C[C@@](C)(CC)NC(=O)c1cc(F)cnc1NC1CC(F)(F)C1,0.671265433,0.1,1,1.4230126,-1.0223317,1.9469371
C=CC(=O)N1CCC[C@@H](n2nc(-c3ccc(Oc4ccccc4)cc3)c3c(N)ncnc32)C1,0.62603,0.1,1,0.947268,-1.1739771,1.9772947
Cc1cc(N2CCCC2c2cc(CCC(=O)O)cc(C)n2)ncn1,2.0,0.1,1,1.1466494,-0.960447,1.8995948
O=C(c1ccc(Oc2ccccc2)cc1Cl)c1c[nH]c2ncnc(N[C@@H]3CC[C@@H](CO)OC3)c12,-0.467245621,0.1,1,1.0035288,-1.2099836,1.9866114
O=C1CN(c2ccc(Nc3nccc(C(F)(F)F)n3)cn2)CCN1,1.543819805,0.1,1,1.0288751,-0.9371827,1.8719788
COCC(=O)N1CCC(Cc2ccccc2-c2cccc(F)c2)(C(=O)NC(C)C)CC1,0.596597096,0.1,1,1.3490736,-1.1152785,1.97757
CC(C)[C@@](C)(O)[C@@H]1CN(c2nc(-c3n[nH]c4ncccc34)c(F)cc2Cl)CCN1,1.302460808,0.1,1,1.2876551,-1.2345128,2.0092025
CN(C)C(=O)C1(Cc2ccccc2-c2ccccc2)CCN(C(=O)c2cnn(C)c2)CC1,1.041353202,0.1,1,1.2111732,-1.1453338,1.9838431
CN1C(N)=N[C@](C)(c2cc(NC(=O)c3ccc(F)cn3)ccc2F)CS1(=O)=O,1.560468571,0.1,1,1.1058749,-0.9862494,1.9173086
O=C(CN1CCCC(c2cccc(Cc3cccc(F)c3)n2)C1)N1CCCC1,1.062130535,0.1,1,1.4801455,-1.1722338,1.9957554
C=CC(=O)N1CCC[C@H](n2c(=O)n(-c3ccc(Oc4ccccc4)cc3)c3c(N)ncnc32)C1,0.983851719,0.1,1,0.9527834,-1.1782887,1.9816439
c1ccc(Oc2cccc(CN(CCN3CCOCC3)Cc3cccnc3)c2)cc1,-0.222573178,0.1,1,1.2198217,-1.1290402,1.9558091
Nc1c(F)ccc2cnc(-n3ccc4ccncc43)cc12,0.713910354,0.1,1,0.51833826,-1.3178244,2.0112884
CCC(=O)N1CCN(c2ccc(Cl)cc2NC(=O)COc2ccccc2)CC1,0.250420002,0.1,1,1.1210641,-0.95526904,1.9029369
C[C@@H]1c2nnn(-c3ncc(F)cn3)c2CCN1C(=O)c1cccc(C(F)(F)F)c1Cl,0.969089603,0.1,1,0.94162345,-0.9946222,1.903434
COc1nc2sc(C(=O)NC3CC3)c(N)c2c(C)c1Cl,0.245512668,0.1,2,0.62448645,-1.1348141,1.8729491
Cn1cc(Nc2nc(N)nc(-c3cccc(-n4ccc5cc(C6CC6)cc(F)c5c4=O)c3CO)n2)cn1,0.850401148,0.1,2,0.25513035,-1.3480896,1.8602324
CC(=O)Nc1ncc(C(=O)O)s1,1.81935965,0.1,2,0.29340005,-0.8149251,1.627692
Cc1oc2ccccc2c1CNc1nnc(-c2ccncc2)o1,0.717254313,0.1,2,0.09599817,-1.3112239,1.7747328
CCc1nc(C)cn2nc(-c3cc(=O)n4cc(C5CCN(C)CC5)cc(C)c4n3)cc12,0.868232868,0.1,2,0.57709885,-1.2733613,1.9344523
Cn1c(-c2n[nH]c3c2CCCC3)nnc1N1CCC2(CNC(=O)C2)C1,1.792986685,0.1,2,1.497946,-1.14508,2.147016
N#Cc1cc(F)c(NS(=O)(=O)c2c[nH]c3cc(Cl)ccc23)cc1F,-0.026872146,0.1,2,0.12924826,-1.2228227,1.7549981
CCS(=O)(=O)N1CC(CC#N)(n2cc(-c3ncnc4[nH]ccc34)cn2)C1,1.378597739,0.1,2,1.0298121,-1.2562426,2.0337615
NC1CCCC(C(=O)N2CCC(c3c[nH]c4ncccc34)CC2)C1,1.752816431,0.1,2,1.5616877,-1.1984109,2.1862454
O=C1NCCN(C(=O)c2ccc3nccn3c2)C1c1ccccc1C(F)(F)F,1.851001366,0.1,2,0.52095973,-1.16737,1.848977
Cc1cccc(/C=N/Nc2cc(N3CCOCC3)nc(OCCc3ccccn3)n2)c1,-0.548213564,0.1,2,0.5239511,-1.0048858,1.804281
COc1ccccc1C(=O)Nc1ccc2cc[nH]c2c1,0.505149978,0.1,2,0.029116571,-1.2998279,1.7800684
O=C(Nc1nc2cccc(-c3ccc(CN4CCS(=O)(=O)CC4)cc3)n2n1)C1CC1,1.681349797,0.1,2,1.0377225,-1.2343441,2.0508404
CN(C(=O)c1cc(N2CCNC2=O)ccc1F)C1CCNC1,1.885728632,0.1,2,1.1761606,-0.9555094,1.979818
O=C(Nc1ccc(CN2CCCCC2)cc1)c1ccnc2[nH]cnc12,1.767526899,0.1,2,0.6660362,-1.1922368,1.9281229
Cc1nnc(CN(C)CC(C)Oc2ccc(Cl)c(Cl)c2)n1C,0.926290987,0.1,2,0.6128255,-0.865818,1.7557315
Cc1c(F)cccc1NC(=O)CN1[C@H]2CCCC(=O)N[C@@]2(C)C[C@H]1Cc1ccccc1,0.595275712,0.1,2,1.3555386,-1.1274996,2.0641654
Nc1n[nH]cc1-c1cc(Cl)ccc1Oc1cc(F)c(S(=O)(=O)Nc2cscn2)cc1Cl,-0.354577731,0.1,2,0.14916986,-1.2236909,1.744473
Cn1cc(-c2cn3nccc3c(-c3cnn([C@]4(CC#N)C[C@@H](C#N)C4)c3)n2)cn1,1.559583476,0.1,2,0.6387619,-1.3398103,1.9615971
CCCc1cc(N2CCc3c(nc(C4CC4)n3C)C2)n2ncnc2n1,1.677187053,0.1,2,0.943372,-1.1368641,1.9720109
Cc1c[nH]c(=O)n1-c1ccc(C(=O)Nc2ccc3ccccc3n2)cc1,0.639386869,0.1,3,0.47020674,-0.9488919,1.5705748
CC#CC(=O)N1CCC[C@@H]1c1nc(-c2ccc(C(=O)Nc3ccccn3)cc2)c2c(N)nccn12,0.975868182,0.1,3,0.56214094,-0.5938922,1.5769267
NC1CCCC(C(=O)Nc2ccc3[nH]ncc3c2)C1,2.0,0.1,3,1.6019752,-0.46767867,1.958074
C[C@@H]1CCN(C(=O)CC#N)C[C@@H]1N(C)c1ncnc2[nH]ccc12,1.991815076,0.1,3,1.6008036,-0.18489087,1.8264806
CC(C)(C)C(=O)N1CCC(Cc2ccc(-c3cccs3)cc2)(C(=O)N2CCCC2)CC1,-0.1837587,0.1,3,1.0560734,-0.48692322,1.7499102
CNC(=O)c1cccc(NC(=O)N2CCC(Oc3ccccc3Cl)CC2)c1,1.068760828,0.1,3,0.52141786,-0.64284635,1.7404928
COc1ccc([C@H]2CN(C(C)=O)[C@@H]3CCCN(Cc4cccc(F)c4)[C@H]23)cc1,0.595385981,0.1,3,1.2453005,-0.46841872,1.920286
CN(C)C(=O)C1(Cc2ccccc2-c2ccccc2)CCN(C(=O)c2cnn(C)c2)CC1,1.041353202,0.1,3,0.8690172,-0.2784754,1.652708
CC(C)(Oc1ccc(-c2cnc(N)c(-c3ccc(Cl)cc3)c2)cc1)C(=O)O,-1.158015195,0.1,3,0.034445465,-1.1942676,1.5185707
Cc1cccc(/C=N/Nc2cc(N3CCOCC3)nc(OCCc3ccccn3)n2)c1,-0.548213564,0.1,3,0.5243862,-0.47150254,1.6390007
Nc1c(F)ccc2cnc(-n3ccc4ccncc43)cc12,0.713910354,0.1,3,0.68057406,-1.0100815,1.3801105
N#Cc1cc(F)c(NS(=O)(=O)c2c[nH]c3cc(Cl)ccc23)cc1F,-0.026872146,0.1,3,-0.1486144,-1.5575835,1.6267716
O=C(NC1CCNCC1)c1ccc2cn[nH]c2c1,2.0,0.1,3,1.6196687,-0.48491406,1.9992949
CC1(C)CC(=O)C2=C(C1)NC(=O)CC2c1ccc(Br)cc1,1.159236233,0.1,3,1.3184268,-0.30266237,1.9454058
O=C(NC1CCNCC1)c1ccc2[nH]ncc2c1,1.842696589,0.1,3,1.6215494,-0.48480582,2.0022388
O=S(=O)(c1cccc2c(O)nccc12)N1CCCNCC1,1.850223373,0.1,3,1.5884619,-0.718505,1.9450302
C=CC(=O)Nc1cccc(Oc2nc(Nc3ccc(N4CCN(C)CC4)c(F)c3)nc3[nH]ccc23)c1,0.039414119,0.1,3,0.33117878,-0.87588096,1.5855963
CC(=O)NCCNc1cc(Cl)nn2c(-c3cccc(S(=O)(=O)N(C)C)c3)c(C)nc12,0.681693392,0.1,3,0.7277828,-0.8764026,1.7019572
COc1ccc([C@H]2c3[nH]c4ccc(Cl)cc4c3CCN2C(=O)Oc2ccc(Cl)cc2)cc1,1.51293775,0.1,3,0.22114617,-0.8059782,1.5671697
OC[C@H](Nc1cncc(-c2ccc3[nH]ncc3n2)c1)c1ccccc1,1.017826038,0.1,3,0.79651964,-0.6662494,1.6139576
COc1nn(C)cc1C(=O)Nc1cccc(-c2cnc3n2CCC3)c1,0.866877814,0.1,4,0.6222829,-0.5980741,1.7773515
CC1(C)CC(Oc2ccc(-c3ccc(-c4cn[nH]c4)cc3O)nn2)CC(C)(C)N1,1.199947058,0.1,4,0.8637703,-0.8268136,1.8739918
Cc1c(F)cccc1NC(=O)CN1[C@H]2CCCC(=O)N[C@@]2(C)C[C@H]1Cc1ccccc1,0.595275712,0.1,4,1.697303,-0.57157695,2.2320096
C=CC(=O)N(C)CCOc1c(N)ncnc1-c1cc(F)cc(NC(=O)c2ccc(C3CC3)cc2F)c1C,0.838502776,0.1,4,0.34071928,-0.861853,1.775627
O=C1NCCSc2c1sc1ccc(O)cc21,0.891593204,0.1,4,0.3104806,-1.098913,1.7399852
O=C1NCCN(C(=O)c2ccncc2)C1c1ccccc1Cl,1.876996793,0.1,4,1.1056199,-0.3248645,1.8738024
Fc1ccc(-c2ccc3c(c2)[nH]c2ccncc23)cn1,0.653405491,0.1,4,0.50217986,-1.1016221,1.5016996
O=C(CCNC(=O)c1ccc(OC(F)(F)F)cc1)N[C@@H]1CCCc2ccccc21,0.526080692,0.1,4,0.83007115,-0.7049606,1.9265987
Cc1c[nH]c(=O)n1-c1ccc(C(=O)Nc2ccc3ccccc3n2)cc1,0.639386869,0.1,4,0.42981505,-0.8729079,1.5914097
CNC(=O)C1(Cc2ccc(-c3cccnc3)cc2)CCN(Cc2ccc(F)cc2)C1,1.021602716,0.1,4,0.7716173,-0.51723504,1.6980466
CC#CC(=O)N[C@H]1CCCN(c2c(F)cc(C(N)=O)c3[nH]c(C)c(C)c23)C1,0.163856803,0.1,4,0.9106665,-0.6623652,1.9619863
C=CC(=O)N1C[C@H](Nc2ncnc3[nH]ccc23)CC[C@@H]1C,1.828227965,0.1,4,1.6656835,-0.33635437,2.107023
Cn1cc(-c2cn3nccc3c(-c3cnn([C@]4(CC#N)C[C@@H](C#N)C4)c3)n2)cn1,1.559583476,0.1,4,0.9263143,-0.539495,1.6989218
Cc1nccc(-c2cn(Cc3ccccc3)c3cnccc23)n1,1.122707254,0.1,4,0.3542496,-0.85927844,1.447815
CN1CCN(S(=O)(=O)c2ccc(-c3cnc(N)c(C(=O)Nc4cccnc4)n3)cc2)CC1,1.078638038,0.1,4,1.2585669,-0.52890015,1.9833505
Cc1cnc(C(=O)NCCc2ccc(S(=O)(=O)NC(=O)NC3CCCCC3)cc2)cn1,0.01745073,0.1,4,1.268599,-0.6057832,2.1657906
NC1CCCC(C(=O)N2CCC(c3c[nH]c4ncccc34)CC2)C1,1.752816431,0.1,4,1.7455503,-0.5073947,2.2014656
CC(C)(C)c1ccc(-c2nc3n(c(=O)c2C#N)CCS3)cc1,0.731266349,0.1,4,0.11347556,-0.93558526,1.469409
CCN1CCN(S(=O)(=O)Cc2ccc(Cl)c(Cl)c2)CC1,1.249124949,0.1,4,1.566745,-0.76011693,2.1100469
OC[C@H](Nc1cncc(-c2ccc3[nH]ncc3n2)c1)c1ccccc1,1.017826038,0.1,4,0.4698843,-0.7554208,1.5418506
C=CC(=O)Nc1cccc(Nc2nc(Nc3ccc(Oc4ccnc(C(=O)NC)c4)cc3)ncc2F)c1,-0.403402904,0.2,0,0.4863568,-0.33117026,1.4468389
COc1ccccc1C(=O)Nc1ccc2cc[nH]c2c1,0.505149978,0.2,0,0.3719712,-0.43728238,1.4094845
N#Cc1ccc(COc2cccc(C3CCN(Cc4nc5ccc(C(=O)O)cc5n4C[C@@H]4CCO4)CC3)n2)c(F)c1,0.402433346,0.2,0,1.1462913,-0.24628216,1.6773596
O=C(c1ccc(Oc2ccccc2)cc1Cl)c1c[nH]c2ncnc(N[C@@H]3CC[C@@H](CO)OC3)c12,-0.467245621,0.2,0,0.88185614,-0.38071042,1.5682521
NC1CCCC1C(=O)N1CCC(c2c[nH]c3ncccc23)CC1,1.71701274,0.2,0,1.779021,-0.3534115,1.9388032
Cc1ncsc1C(=O)N1CCCCC1c1nc(N)ncc1-c1cccc(C(F)(F)F)c1,0.615318657,0.2,0,0.95503885,-0.22284847,1.6035519
COc1ccccc1-c1cc(NC(=O)c2cccc(N3CCNC3=O)c2)[nH]n1,-0.397940009,0.2,0,0.61498165,-0.29663044,1.4968969
COCCNC(=O)c1ccnc(C2CCNCC2)c1,2.0,0.2,0,1.4472265,-0.16227216,1.7735682
Cc1cc(F)ccc1C1C(=O)NCCN1C(=O)c1ccc2nccn2c1,1.78096503,0.2,0,0.7839733,-0.24161977,1.543287
COc1cc2c(cc1OC)CN(CCc1ccc(NC(=O)c3cccc4c(O)c5cccc(OC)c5nc34)cc1)CC2,-1.207608311,0.2,0,0.60293615,-0.34390682,1.4478799
CN(Cc1ccccc1)C1(C(=O)N2CCNC(=O)CC2)Cc2ccccc2C1,0.904931827,0.2,0,1.217644,-0.14839363,1.683674
CN1CCN(S(=O)(=O)c2ccc(-c3cnc(N)c(C(=O)Nc4cccnc4)n3)cc2)CC1,1.078638038,0.2,0,1.0504766,-0.24869269,1.6425416
CCN1CCN(S(=O)(=O)Cc2ccc(Cl)c(Cl)c2)CC1,1.249124949,0.2,0,1.5653741,-0.23606318,1.7987902
CNC(=O)C1(Cc2ccc(-c3cccnc3)cc2)CCN(Cc2cccc(F)c2)C1,0.829753919,0.2,0,0.9815732,-0.2656166,1.5986891
Cc1cc(N2CCCC2c2cc(CCC(=O)O)cc(C)n2)ncn1,2.0,0.2,0,1.1107901,-0.12644923,1.6251726
COc1nc2sc(C(=O)NC3CC3)c(N)c2c(C)c1Cl,0.245512668,0.2,0,0.87904876,-0.27742583,1.5433787
COc1ccc([C@H]2CN(C(C)=O)[C@@H]3CCCN(Cc4cccc(F)c4)[C@H]23)cc1,0.595385981,0.2,0,1.4925237,-0.32707566,1.8418167
COc1ccc(S(=O)(=O)N2CCC(N3CCC(C)CC3)CC2)cc1,1.729799023,0.2,0,1.8981447,-0.45438367,1.99669
CC(O)(C#Cc1ccc2c(c1)N(c1nc(N)ncc1Cl)CC2)c1nccs1,-0.122628654,0.2,0,0.65082955,-0.24321371,1.410698
COc1ccc(CNC(=O)c2sc3nc(C)cc(C)c3c2N)cc1,-0.356547324,0.2,0,0.45320606,-0.31219512,1.3596315
OCC1CCCCN1Cc1ccc(-c2ccccc2)cc1,1.368007805,0.2,1,1.4038622,-0.15470469,2.0649529
O=C(Nc1cnccc1-c1ccc(Cl)cc1)c1ccnc(NC(=O)C2CC2)c1,0.369957607,0.2,1,0.8736125,-0.067759156,1.7345092
CNc1cc(Nc2cccn(-c3ccccn3)c2=O)nn2c(C(=O)N[C@@H]3C[C@@H]3F)cnc12,0.991226076,0.2,1,0.9126267,-0.06301463,1.7751634
Cc1cccc(/C=N/Nc2cc(N3CCOCC3)nc(OCCc3ccccn3)n2)c1,-0.548213564,0.2,1,0.963709,0.002300322,1.7725494
Cc1oc2ccccc2c1CNc1nnc(-c2ccncc2)o1,0.717254313,0.2,1,0.52472293,-0.14084405,1.5270085
C#C[C@@](C)(CC)NC(=O)c1cc(F)cnc1NC1CC(F)(F)C1,0.671265433,0.2,1,1.4334352,-0.0049458146,2.0955136
C=CC(=O)N1CCC[C@@H](n2nc(-c3ccc(Oc4ccccc4)cc3)c3c(N)ncnc32)C1,0.62603,0.2,1,0.9677688,-0.06409055,1.804744
Cc1cc(N2CCCC2c2cc(CCC(=O)O)cc(C)n2)ncn1,2.0,0.2,1,1.1472403,0.04820025,1.8887112
O=C(c1ccc(Oc2ccccc2)cc1Cl)c1c[nH]c2ncnc(N[C@@H]3CC[C@@H](CO)OC3)c12,-0.467245621,0.2,1,1.0312982,-0.081819415,1.8421857
O=C1CN(c2ccc(Nc3nccc(C(F)(F)F)n3)cn2)CCN1,1.543819805,0.2,1,1.0035775,0.05861187,1.8028753
COCC(=O)N1CCC(Cc2ccccc2-c2cccc(F)c2)(C(=O)NC(C)C)CC1,0.596597096,0.2,1,1.3566916,-0.056592345,2.0389621
CC(C)[C@@](C)(O)[C@@H]1CN(c2nc(-c3n[nH]c4ncccc34)c(F)cc2Cl)CCN1,1.302460808,0.2,1,1.32596,-0.06084913,2.0315592
CN(C)C(=O)C1(Cc2ccccc2-c2ccccc2)CCN(C(=O)c2cnn(C)c2)CC1,1.041353202,0.2,1,1.2137345,-0.043640196,1.9408634
CN1C(N)=N[C@](C)(c2cc(NC(=O)c3ccc(F)cn3)ccc2F)CS1(=O)=O,1.560468571,0.2,1,1.1041963,0.047642887,1.8508959
O=C(CN1CCCC(c2cccc(Cc3cccc(F)c3)n2)C1)N1CCCC1,1.062130535,0.2,1,1.4955614,-0.11289537,2.1510916
C=CC(=O)N1CCC[C@H](n2c(=O)n(-c3ccc(Oc4ccccc4)cc3)c3c(N)ncnc32)C1,0.983851719,0.2,1,0.97589296,-0.05725485,1.8129458
c1ccc(Oc2cccc(CN(CCN3CCOCC3)Cc3cccnc3)c2)cc1,-0.222573178,0.2,1,1.2447999,-0.078651786,1.9402666
Nc1c(F)ccc2cnc(-n3ccc4ccncc43)cc12,0.713910354,0.2,1,0.46094683,-0.21164137,1.5013006
CCC(=O)N1CCN(c2ccc(Cl)cc2NC(=O)COc2ccccc2)CC1,0.250420002,0.2,1,1.1156452,0.036782026,1.860034
C[C@@H]1c2nnn(-c3ncc(F)cn3)c2CCN1C(=O)c1cccc(C(F)(F)F)c1Cl,0.969089603,0.2,1,0.87076277,0.025300622,1.7344944
COc1nc2sc(C(=O)NC3CC3)c(N)c2c(C)c1Cl,0.245512668,0.2,2,0.74959743,-0.32123852,1.7156265
Cn1cc(Nc2nc(N)nc(-c3cccc(-n4ccc5cc(C6CC6)cc(F)c5c4=O)c3CO)n2)cn1,0.850401148,0.2,2,0.60972935,-0.4329809,1.6462778
CC(=O)Nc1ncc(C(=O)O)s1,1.81935965,0.2,2,0.6117737,-0.19743413,1.4577478
Cc1oc2ccccc2c1CNc1nnc(-c2ccncc2)o1,0.717254313,0.2,2,0.5231134,-0.43114805,1.5357299
CCc1nc(C)cn2nc(-c3cc(=O)n4cc(C5CCN(C)CC5)cc(C)c4n3)cc12,0.868232868,0.2,2,0.76570106,-0.36804402,1.7890168
Cn1c(-c2n[nH]c3c2CCCC3)nnc1N1CCC2(CNC(=O)C2)C1,1.792986685,0.2,2,1.1611286,-0.25304925,2.100712
N#Cc1cc(F)c(NS(=O)(=O)c2c[nH]c3cc(Cl)ccc23)cc1F,-0.026872146,0.2,2,0.56726277,-0.37192905,1.560134
CCS(=O)(=O)N1CC(CC#N)(n2cc(-c3ncnc4[nH]ccc34)cn2)C1,1.378597739,0.2,2,0.97664315,-0.3129853,1.9482566
NC1CCCC(C(=O)N2CCC(c3c[nH]c4ncccc34)CC2)C1,1.752816431,0.2,2,1.2696793,-0.25273418,2.1929135
O=C1NCCN(C(=O)c2ccc3nccn3c2)C1c1ccccc1C(F)(F)F,1.851001366,0.2,2,0.74865776,-0.3133713,1.7147689
Cc1cccc(/C=N/Nc2cc(N3CCOCC3)nc(OCCc3ccccn3)n2)c1,-0.548213564,0.2,2,0.7544399,-0.2628274,1.6993859
COc1ccccc1C(=O)Nc1ccc2cc[nH]c2c1,0.505149978,0.2,2,0.5299597,-0.42764497,1.5359061
O=C(Nc1nc2cccc(-c3ccc(CN4CCS(=O)(=O)CC4)cc3)n2n1)C1CC1,1.681349797,0.2,2,1.0120561,-0.31414497,1.9838736
CN(C(=O)c1cc(N2CCNC2=O)ccc1F)C1CCNC1,1.885728632,0.2,2,1.0475368,-0.19213891,1.9434854
O=C(Nc1ccc(CN2CCCCC2)cc1)c1ccnc2[nH]cnc12,1.767526899,0.2,2,0.8546567,-0.3335985,1.8408663
Cc1nnc(CN(C)CC(C)Oc2ccc(Cl)c(Cl)c2)n1C,0.926290987,0.2,2,0.77356756,-0.16851306,1.6593913
Cc1c(F)cccc1NC(=O)CN1[C@H]2CCCC(=O)N[C@@]2(C)C[C@H]1Cc1ccccc1,0.595275712,0.2,2,1.1465418,-0.22905546,2.0481362
Nc1n[nH]cc1-c1cc(Cl)ccc1Oc1cc(F)c(S(=O)(=O)Nc2cscn2)cc1Cl,-0.354577731,0.2,2,0.55993855,-0.3898834,1.5240437
Cn1cc(-c2cn3nccc3c(-c3cnn([C@]4(CC#N)C[C@@H](C#N)C4)c3)n2)cn1,1.559583476,0.2,2,0.7840335,-0.38762283,1.8201708
CCCc1cc(N2CCc3c(nc(C4CC4)n3C)C2)n2ncnc2n1,1.677187053,0.2,2,0.8870164,-0.27753282,1.8921504
Cc1c[nH]c(=O)n1-c1ccc(C(=O)Nc2ccc3ccccc3n2)cc1,0.639386869,0.2,3,0.61947685,-0.5011666,1.3013904
CC#CC(=O)N1CCC[C@@H]1c1nc(-c2ccc(C(=O)Nc3ccccn3)cc2)c2c(N)nccn12,0.975868182,0.2,3,0.7326168,0.08886582,1.3616171
NC1CCCC(C(=O)Nc2ccc3[nH]ncc3c2)C1,2.0,0.2,3,1.6131434,0.3605818,2.0253687
C[C@@H]1CCN(C(=O)CC#N)C[C@@H]1N(C)c1ncnc2[nH]ccc12,1.991815076,0.2,3,1.747053,0.83009386,1.8714947
CC(C)(C)C(=O)N1CCC(Cc2ccc(-c3cccs3)cc2)(C(=O)N2CCCC2)CC1,-0.1837587,0.2,3,0.93255067,0.0010275841,1.3583856
CNC(=O)c1cccc(NC(=O)N2CCC(Oc3ccccc3Cl)CC2)c1,1.068760828,0.2,3,0.49233496,-0.1807499,1.325872
COc1ccc([C@H]2CN(C(C)=O)[C@@H]3CCCN(Cc4cccc(F)c4)[C@H]23)cc1,0.595385981,0.2,3,1.3462124,0.24078354,1.6968503
CN(C)C(=O)C1(Cc2ccccc2-c2ccccc2)CCN(C(=O)c2cnn(C)c2)CC1,1.041353202,0.2,3,0.9078755,0.24480557,1.3837441
CC(C)(Oc1ccc(-c2cnc(N)c(-c3ccc(Cl)cc3)c2)cc1)C(=O)O,-1.158015195,0.2,3,0.073381424,-0.98859227,0.8742566
Cc1cccc(/C=N/Nc2cc(N3CCOCC3)nc(OCCc3ccccn3)n2)c1,-0.548213564,0.2,3,0.506622,-0.124155164,1.3144994
Nc1c(F)ccc2cnc(-n3ccc4ccncc43)cc12,0.713910354,0.2,3,0.9353148,-0.41344416,1.271132
N#Cc1cc(F)c(NS(=O)(=O)c2c[nH]c3cc(Cl)ccc23)cc1F,-0.026872146,0.2,3,0.017599821,-1.0011383,0.96391207
O=C(NC1CCNCC1)c1ccc2cn[nH]c2c1,2.0,0.2,3,1.7557724,0.48252112,2.1264696
CC1(C)CC(=O)C2=C(C1)NC(=O)CC2c1ccc(Br)cc1,1.159236233,0.2,3,1.3536206,0.49429,1.7244933
O=C(NC1CCNCC1)c1ccc2[nH]ncc2c1,1.842696589,0.2,3,1.7538155,0.4785341,2.1243289
O=S(=O)(c1cccc2c(O)nccc12)N1CCCNCC1,1.850223373,0.2,3,1.5994776,0.19980097,1.8020319
C=CC(=O)Nc1cccc(Oc2nc(Nc3ccc(N4CCN(C)CC4)c(F)c3)nc3[nH]ccc23)c1,0.039414119,0.2,3,0.3724343,-0.40928173,1.1808692
CC(=O)NCCNc1cc(Cl)nn2c(-c3cccc(S(=O)(=O)N(C)C)c3)c(C)nc12,0.681693392,0.2,3,0.77263683,-0.13833058,1.3085115
COc1ccc([C@H]2c3[nH]c4ccc(Cl)cc4c3CCN2C(=O)Oc2ccc(Cl)cc2)cc1,1.51293775,0.2,3,0.31901073,-0.46121252,1.1159192
OC[C@H](Nc1cncc(-c2ccc3[nH]ncc3n2)c1)c1ccccc1,1.017826038,0.2,3,0.9882941,-0.03867966,1.4790536
COc1nn(C)cc1C(=O)Nc1cccc(-c2cnc3n2CCC3)c1,0.866877814,0.2,4,0.6278302,-0.24437219,1.645834
CC1(C)CC(Oc2ccc(-c3ccc(-c4cn[nH]c4)cc3O)nn2)CC(C)(C)N1,1.199947058,0.2,4,0.7661938,-0.622996,1.4851875
Cc1c(F)cccc1NC(=O)CN1[C@H]2CCCC(=O)N[C@@]2(C)C[C@H]1Cc1ccccc1,0.595275712,0.2,4,1.8105793,-0.1235531,2.0155
C=CC(=O)N(C)CCOc1c(N)ncnc1-c1cc(F)cc(NC(=O)c2ccc(C3CC3)cc2F)c1C,0.838502776,0.2,4,0.4376344,-0.44157064,1.5056356
O=C1NCCSc2c1sc1ccc(O)cc21,0.891593204,0.2,4,0.31923676,-0.7056618,1.4851816
O=C1NCCN(C(=O)c2ccncc2)C1c1ccccc1Cl,1.876996793,0.2,4,1.203659,0.07870352,1.7298974
Fc1ccc(-c2ccc3c(c2)[nH]c2ccncc23)cn1,0.653405491,0.2,4,0.16541427,-1.1636049,1.2325824
O=C(CCNC(=O)c1ccc(OC(F)(F)F)cc1)N[C@@H]1CCCc2ccccc21,0.526080692,0.2,4,0.8210752,-0.2378375,1.5911568
Cc1c[nH]c(=O)n1-c1ccc(C(=O)Nc2ccc3ccccc3n2)cc1,0.639386869,0.2,4,0.22631323,-0.8144343,1.4128697
CNC(=O)C1(Cc2ccc(-c3cccnc3)cc2)CCN(Cc2ccc(F)cc2)C1,1.021602716,0.2,4,0.73718315,-0.41864407,1.3693974
CC#CC(=O)N[C@H]1CCCN(c2c(F)cc(C(N)=O)c3[nH]c(C)c(C)c23)C1,0.163856803,0.2,4,0.9356749,-0.24499756,1.6666586
C=CC(=O)N1C[C@H](Nc2ncnc3[nH]ccc23)CC[C@@H]1C,1.828227965,0.2,4,1.7755836,0.09422541,1.9771254
Cn1cc(-c2cn3nccc3c(-c3cnn([C@]4(CC#N)C[C@@H](C#N)C4)c3)n2)cn1,1.559583476,0.2,4,0.93272114,-0.21646345,1.4476756
Cc1nccc(-c2cn(Cc3ccccc3)c3cnccc23)n1,1.122707254,0.2,4,0.17848283,-0.8235847,1.2152634
CN1CCN(S(=O)(=O)c2ccc(-c3cnc(N)c(C(=O)Nc4cccnc4)n3)cc2)CC1,1.078638038,0.2,4,1.3885194,-0.09739143,1.875258
Cc1cnc(C(=O)NCCc2ccc(S(=O)(=O)NC(=O)NC3CCCCC3)cc2)cn1,0.01745073,0.2,4,1.5235069,-0.07688552,2.0764966
NC1CCCC(C(=O)N2CCC(c3c[nH]c4ncccc34)CC2)C1,1.752816431,0.2,4,1.9056597,-0.33957136,2.0922837
CC(C)(C)c1ccc(-c2nc3n(c(=O)c2C#N)CCS3)cc1,0.731266349,0.2,4,0.05512154,-0.61268115,1.0655112
CCN1CCN(S(=O)(=O)Cc2ccc(Cl)c(Cl)c2)CC1,1.249124949,0.2,4,1.7552352,-0.27849293,1.9385202
OC[C@H](Nc1cncc(-c2ccc3[nH]ncc3n2)c1)c1ccccc1,1.017826038,0.2,4,0.29659677,-0.62068164,1.3165696
C=CC(=O)Nc1cccc(Nc2nc(Nc3ccc(Oc4ccnc(C(=O)NC)c4)cc3)ncc2F)c1,-0.403402904,0.3,0,0.4897777,-0.05098939,1.173173
COc1ccccc1C(=O)Nc1ccc2cc[nH]c2c1,0.505149978,0.3,0,0.38729405,-0.10526675,1.096662
N#Cc1ccc(COc2cccc(C3CCN(Cc4nc5ccc(C(=O)O)cc5n4C[C@@H]4CCO4)CC3)n2)c(F)c1,0.402433346,0.3,0,1.0054944,0.07399154,1.5519524
O=C(c1ccc(Oc2ccccc2)cc1Cl)c1c[nH]c2ncnc(N[C@@H]3CC[C@@H](CO)OC3)c12,-0.467245621,0.3,0,0.7748036,-0.056134403,1.3600425
NC1CCCC1C(=O)N1CCC(c2c[nH]c3ncccc23)CC1,1.71701274,0.3,0,1.6120371,0.03183669,1.9199681
Cc1ncsc1C(=O)N1CCCCC1c1nc(N)ncc1-c1cccc(C(F)(F)F)c1,0.615318657,0.3,0,0.8890426,0.06473178,1.468989
COc1ccccc1-c1cc(NC(=O)c2cccc(N3CCNC3=O)c2)[nH]n1,-0.397940009,0.3,0,0.59918797,-0.012916088,1.2520623
COCCNC(=O)c1ccnc(C2CCNCC2)c1,2.0,0.3,0,1.2852582,0.14220786,1.7233564
Cc1cc(F)ccc1C1C(=O)NCCN1C(=O)c1ccc2nccn2c1,1.78096503,0.3,0,0.76009285,0.054086387,1.36619
COc1cc2c(cc1OC)CN(CCc1ccc(NC(=O)c3cccc4c(O)c5cccc(OC)c5nc34)cc1)CC2,-1.207608311,0.3,0,0.56003404,-0.056543052,1.1840154
CN(Cc1ccccc1)C1(C(=O)N2CCNC(=O)CC2)Cc2ccccc2C1,0.904931827,0.3,0,1.0864921,0.1416502,1.600277
CN1CCN(S(=O)(=O)c2ccc(-c3cnc(N)c(C(=O)Nc4cccnc4)n3)cc2)CC1,1.078638038,0.3,0,0.95810425,0.042085886,1.525897
CCN1CCN(S(=O)(=O)Cc2ccc(Cl)c(Cl)c2)CC1,1.249124949,0.3,0,1.3279312,0.060503185,1.7528402
CNC(=O)C1(Cc2ccc(-c3cccnc3)cc2)CCN(Cc2cccc(F)c2)C1,0.829753919,0.3,0,0.8607308,0.023614943,1.4430779
Cc1cc(N2CCCC2c2cc(CCC(=O)O)cc(C)n2)ncn1,2.0,0.3,0,1.00588,0.14614522,1.523417
COc1nc2sc(C(=O)NC3CC3)c(N)c2c(C)c1Cl,0.245512668,0.3,0,0.78998995,-0.012944281,1.3816242
COc1ccc([C@H]2CN(C(C)=O)[C@@H]3CCCN(Cc4cccc(F)c4)[C@H]23)cc1,0.595385981,0.3,0,1.254849,0.04923296,1.7107539
COc1ccc(S(=O)(=O)N2CCC(N3CCC(C)CC3)CC2)cc1,1.729799023,0.3,0,1.6442864,-0.08876002,1.9992743
CC(O)(C#Cc1ccc2c(c1)N(c1nc(N)ncc1Cl)CC2)c1nccs1,-0.122628654,0.3,0,0.6101117,0.0065345764,1.1875777
COc1ccc(CNC(=O)c2sc3nc(C)cc(C)c3c2N)cc1,-0.356547324,0.3,0,0.44200155,-0.08009499,1.0859766
OCC1CCCCN1Cc1ccc(-c2ccccc2)cc1,1.368007805,0.3,1,1.336118,0.14597875,1.810884
O=C(Nc1cnccc1-c1ccc(Cl)cc1)c1ccnc(NC(=O)C2CC2)c1,0.369957607,0.3,1,0.63855606,0.12102687,1.5650632
CNc1cc(Nc2cccn(-c3ccccn3)c2=O)nn2c(C(=O)N[C@@H]3C[C@@H]3F)cnc12,0.991226076,0.3,1,0.6457989,0.1256417,1.5922076
Cc1cccc(/C=N/Nc2cc(N3CCOCC3)nc(OCCc3ccccn3)n2)c1,-0.548213564,0.3,1,0.8439181,0.2042293,1.5712085
Cc1oc2ccccc2c1CNc1nnc(-c2ccncc2)o1,0.717254313,0.3,1,0.2797572,0.049482644,1.4268997
C#C[C@@](C)(CC)NC(=O)c1cc(F)cnc1NC1CC(F)(F)C1,0.671265433,0.3,1,1.4929417,0.28840455,1.8398783
C=CC(=O)N1CCC[C@@H](n2nc(-c3ccc(Oc4ccccc4)cc3)c3c(N)ncnc32)C1,0.62603,0.3,1,0.7516327,0.13473535,1.612988
Cc1cc(N2CCCC2c2cc(CCC(=O)O)cc(C)n2)ncn1,2.0,0.3,1,1.0847963,0.24698478,1.6617243
O=C(c1ccc(Oc2ccccc2)cc1Cl)c1c[nH]c2ncnc(N[C@@H]3CC[C@@H](CO)OC3)c12,-0.467245621,0.3,1,0.8051662,0.1328389,1.6356332
O=C1CN(c2ccc(Nc3nccc(C(F)(F)F)n3)cn2)CCN1,1.543819805,0.3,1,0.9607197,0.25433156,1.6070726
COCC(=O)N1CCC(Cc2ccccc2-c2cccc(F)c2)(C(=O)NC(C)C)CC1,0.596597096,0.3,1,1.3694077,0.21317619,1.7960558
CC(C)[C@@](C)(O)[C@@H]1CN(c2nc(-c3n[nH]c4ncccc34)c(F)cc2Cl)CCN1,1.302460808,0.3,1,1.2344762,0.19796199,1.8077555
CN(C)C(=O)C1(Cc2ccccc2-c2ccccc2)CCN(C(=O)c2cnn(C)c2)CC1,1.041353202,0.3,1,1.1462866,0.17965078,1.7329801
CN1C(N)=N[C@](C)(c2cc(NC(=O)c3ccc(F)cn3)ccc2F)CS1(=O)=O,1.560468571,0.3,1,1.0306526,0.23423237,1.6450276
O=C(CN1CCCC(c2cccc(Cc3cccc(F)c3)n2)C1)N1CCCC1,1.062130535,0.3,1,1.5176209,0.21278596,1.8749819
C=CC(=O)N1CCC[C@H](n2c(=O)n(-c3ccc(Oc4ccccc4)cc3)c3c(N)ncnc32)C1,0.983851719,0.3,1,0.7442571,0.14226562,1.6132027
c1ccc(Oc2cccc(CN(CCN3CCOCC3)Cc3cccnc3)c2)cc1,-0.222573178,0.3,1,1.186856,0.17454958,1.7201185
Nc1c(F)ccc2cnc(-n3ccc4ccncc43)cc12,0.713910354,0.3,1,0.13788944,-0.034531534,1.4230127
CCC(=O)N1CCN(c2ccc(Cl)cc2NC(=O)COc2ccccc2)CC1,0.250420002,0.3,1,1.0752963,0.24118114,1.6480283
C[C@@H]1c2nnn(-c3ncc(F)cn3)c2CCN1C(=O)c1cccc(C(F)(F)F)c1Cl,0.969089603,0.3,1,0.79921997,0.22649592,1.575846
COc1nc2sc(C(=O)NC3CC3)c(N)c2c(C)c1Cl,0.245512668,0.3,2,0.4396751,-0.5052676,1.2856411
Cn1cc(Nc2nc(N)nc(-c3cccc(-n4ccc5cc(C6CC6)cc(F)c5c4=O)c3CO)n2)cn1,0.850401148,0.3,2,0.31419995,-0.60490704,1.1513479
CC(=O)Nc1ncc(C(=O)O)s1,1.81935965,0.3,2,0.37961268,-0.3269372,1.2871271
Cc1oc2ccccc2c1CNc1nnc(-c2ccncc2)o1,0.717254313,0.3,2,0.15535748,-0.78212,1.0340607
CCc1nc(C)cn2nc(-c3cc(=O)n4cc(C5CCN(C)CC5)cc(C)c4n3)cc12,0.868232868,0.3,2,0.5648947,-0.40147626,1.3288105
Cn1c(-c2n[nH]c3c2CCCC3)nnc1N1CCC2(CNC(=O)C2)C1,1.792986685,0.3,2,1.3269888,-0.020864666,1.96172
N#Cc1cc(F)c(NS(=O)(=O)c2c[nH]c3cc(Cl)ccc23)cc1F,-0.026872146,0.3,2,0.22859693,-0.5465058,1.0952532
CCS(=O)(=O)N1CC(CC#N)(n2cc(-c3ncnc4[nH]ccc34)cn2)C1,1.378597739,0.3,2,0.948352,-0.098122954,1.6137042
NC1CCCC(C(=O)N2CCC(c3c[nH]c4ncccc34)CC2)C1,1.752816431,0.3,2,1.3459061,-0.18520266,2.0420046
O=C1NCCN(C(=O)c2ccc3nccn3c2)C1c1ccccc1C(F)(F)F,1.851001366,0.3,2,0.7705197,-0.067887366,1.4550025
Cc1cccc(/C=N/Nc2cc(N3CCOCC3)nc(OCCc3ccccn3)n2)c1,-0.548213564,0.3,2,0.4678019,-0.32892728,1.2764313
COc1ccccc1C(=O)Nc1ccc2cc[nH]c2c1,0.505149978,0.3,2,0.106523395,-0.7766268,1.0303515
O=C(Nc1nc2cccc(-c3ccc(CN4CCS(=O)(=O)CC4)cc3)n2n1)C1CC1,1.681349797,0.3,2,1.0051918,-0.1397646,1.68209
CN(C(=O)c1cc(N2CCNC2=O)ccc1F)C1CCNC1,1.885728632,0.3,2,1.3230499,0.11448228,1.9701506
O=C(Nc1ccc(CN2CCCCC2)cc1)c1ccnc2[nH]cnc12,1.767526899,0.3,2,0.6934124,-0.3000039,1.4589393
Cc1nnc(CN(C)CC(C)Oc2ccc(Cl)c(Cl)c2)n1C,0.926290987,0.3,2,0.36815694,-0.32299924,1.1443757
Cc1c(F)cccc1NC(=O)CN1[C@H]2CCCC(=O)N[C@@]2(C)C[C@H]1Cc1ccccc1,0.595275712,0.3,2,1.125172,-0.09874612,1.8032343
Nc1n[nH]cc1-c1cc(Cl)ccc1Oc1cc(F)c(S(=O)(=O)Nc2cscn2)cc1Cl,-0.354577731,0.3,2,0.24168193,-0.6157762,1.1197224
Cn1cc(-c2cn3nccc3c(-c3cnn([C@]4(CC#N)C[C@@H](C#N)C4)c3)n2)cn1,1.559583476,0.3,2,0.5564232,-0.33838177,1.3372288
CCCc1cc(N2CCc3c(nc(C4CC4)n3C)C2)n2ncnc2n1,1.677187053,0.3,2,0.98871785,0.005472064,1.6367056
Cc1c[nH]c(=O)n1-c1ccc(C(=O)Nc2ccc3ccccc3n2)cc1,0.639386869,0.3,3,0.5553324,-0.1610527,1.1926261
CC#CC(=O)N1CCC[C@@H]1c1nc(-c2ccc(C(=O)Nc3ccccn3)cc2)c2c(N)nccn12,0.975868182,0.3,3,0.7748099,0.43836024,1.3489032
NC1CCCC(C(=O)Nc2ccc3[nH]ncc3c2)C1,2.0,0.3,3,1.7040286,0.9003757,2.084291
C[C@@H]1CCN(C(=O)CC#N)C[C@@H]1N(C)c1ncnc2[nH]ccc12,1.991815076,0.3,3,1.8068782,1.5500746,2.0430517
CC(C)(C)C(=O)N1CCC(Cc2ccc(-c3cccs3)cc2)(C(=O)N2CCCC2)CC1,-0.1837587,0.3,3,1.0366669,0.44667253,1.4415059
CNC(=O)c1cccc(NC(=O)N2CCC(Oc3ccccc3Cl)CC2)c1,1.068760828,0.3,3,0.55644673,0.08237815,1.2158324
COc1ccc([C@H]2CN(C(C)=O)[C@@H]3CCCN(Cc4cccc(F)c4)[C@H]23)cc1,0.595385981,0.3,3,1.5242536,0.99608994,1.8101295
CN(C)C(=O)C1(Cc2ccccc2-c2ccccc2)CCN(C(=O)c2cnn(C)c2)CC1,1.041353202,0.3,3,0.91558826,0.5029092,1.3794805
CC(C)(Oc1ccc(-c2cnc(N)c(-c3ccc(Cl)cc3)c2)cc1)C(=O)O,-1.158015195,0.3,3,0.09275633,-0.5822345,0.8673945
Cc1cccc(/C=N/Nc2cc(N3CCOCC3)nc(OCCc3ccccn3)n2)c1,-0.548213564,0.3,3,0.574232,0.026718438,1.2760477
Nc1c(F)ccc2cnc(-n3ccc4ccncc43)cc12,0.713910354,0.3,3,0.85434926,0.068864405,1.2736818
N#Cc1cc(F)c(NS(=O)(=O)c2c[nH]c3cc(Cl)ccc23)cc1F,-0.026872146,0.3,3,0.23041335,-0.37156844,0.92377126
O=C(NC1CCNCC1)c1ccc2cn[nH]c2c1,2.0,0.3,3,1.846793,1.0709761,2.1940255
CC1(C)CC(=O)C2=C(C1)NC(=O)CC2c1ccc(Br)cc1,1.159236233,0.3,3,1.5742285,1.1966357,1.8644488
O=C(NC1CCNCC1)c1ccc2[nH]ncc2c1,1.842696589,0.3,3,1.8427404,1.0688343,2.191718
O=S(=O)(c1cccc2c(O)nccc12)N1CCCNCC1,1.850223373,0.3,3,1.8293413,1.0824678,2.0011544
C=CC(=O)Nc1cccc(Oc2nc(Nc3ccc(N4CCN(C)CC4)c(F)c3)nc3[nH]ccc23)c1,0.039414119,0.3,3,0.46872354,-0.085959435,1.1252105
CC(=O)NCCNc1cc(Cl)nn2c(-c3cccc(S(=O)(=O)N(C)C)c3)c(C)nc12,0.681693392,0.3,3,0.8348888,0.23208609,1.2565084
COc1ccc([C@H]2c3[nH]c4ccc(Cl)cc4c3CCN2C(=O)Oc2ccc(Cl)cc2)cc1,1.51293775,0.3,3,0.40995398,-0.035304427,1.0967968
OC[C@H](Nc1cncc(-c2ccc3[nH]ncc3n2)c1)c1ccccc1,1.017826038,0.3,3,0.9331365,0.24051562,1.4516044
COc1nn(C)cc1C(=O)Nc1cccc(-c2cnc3n2CCC3)c1,0.866877814,0.3,4,0.66078985,-0.035581827,1.617238
CC1(C)CC(Oc2ccc(-c3ccc(-c4cn[nH]c4)cc3O)nn2)CC(C)(C)N1,1.199947058,0.3,4,0.7866458,-0.36886084,1.5153438
Cc1c(F)cccc1NC(=O)CN1[C@H]2CCCC(=O)N[C@@]2(C)C[C@H]1Cc1ccccc1,0.595275712,0.3,4,1.832783,0.50399023,2.0742335
C=CC(=O)N(C)CCOc1c(N)ncnc1-c1cc(F)cc(NC(=O)c2ccc(C3CC3)cc2F)c1C,0.838502776,0.3,4,0.42940462,-0.28367233,1.4905617
O=C1NCCSc2c1sc1ccc(O)cc21,0.891593204,0.3,4,0.28896362,-0.51986563,1.3696411
O=C1NCCN(C(=O)c2ccncc2)C1c1ccccc1Cl,1.876996793,0.3,4,1.2412794,0.48487177,1.6722016
Fc1ccc(-c2ccc3c(c2)[nH]c2ccncc23)cn1,0.653405491,0.3,4,0.24983442,-0.96514654,1.0004038
O=C(CCNC(=O)c1ccc(OC(F)(F)F)cc1)N[C@@H]1CCCc2ccccc21,0.526080692,0.3,4,0.82280254,0.027031243,1.6182215
Cc1c[nH]c(=O)n1-c1ccc(C(=O)Nc2ccc3ccccc3n2)cc1,0.639386869,0.3,4,0.28267664,-0.66196907,1.2060448
CNC(=O)C1(Cc2ccc(-c3cccnc3)cc2)CCN(Cc2ccc(F)cc2)C1,1.021602716,0.3,4,0.78111315,-0.14498448,1.3585731
CC#CC(=O)N[C@H]1CCCN(c2c(F)cc(C(N)=O)c3[nH]c(C)c(C)c23)C1,0.163856803,0.3,4,1.0756228,0.19717616,1.7731055
C=CC(=O)N1C[C@H](Nc2ncnc3[nH]ccc23)CC[C@@H]1C,1.828227965,0.3,4,1.7219825,0.6346141,2.0154223
Cn1cc(-c2cn3nccc3c(-c3cnn([C@]4(CC#N)C[C@@H](C#N)C4)c3)n2)cn1,1.559583476,0.3,4,1.042903,0.1205591,1.4289808
Cc1nccc(-c2cn(Cc3ccccc3)c3cnccc23)n1,1.122707254,0.3,4,0.24794325,-0.7346847,1.0367409
CN1CCN(S(=O)(=O)c2ccc(-c3cnc(N)c(C(=O)Nc4cccnc4)n3)cc2)CC1,1.078638038,0.3,4,1.3554194,0.32852536,1.9199086
Cc1cnc(C(=O)NCCc2ccc(S(=O)(=O)NC(=O)NC3CCCCC3)cc2)cn1,0.01745073,0.3,4,1.4135776,0.31239098,2.136498
NC1CCCC(C(=O)N2CCC(c3c[nH]c4ncccc34)CC2)C1,1.752816431,0.3,4,1.8846695,0.12937778,2.1381357
CC(C)(C)c1ccc(-c2nc3n(c(=O)c2C#N)CCS3)cc1,0.731266349,0.3,4,0.21563113,-0.42453337,1.0910633
CCN1CCN(S(=O)(=O)Cc2ccc(Cl)c(Cl)c2)CC1,1.249124949,0.3,4,1.7733585,0.21644086,2.024663
OC[C@H](Nc1cncc(-c2ccc3[nH]ncc3n2)c1)c1ccccc1,1.017826038,0.3,4,0.31960356,-0.57928514,1.1144114
C=CC(=O)Nc1cccc(Nc2nc(Nc3ccc(Oc4ccnc(C(=O)NC)c4)cc3)ncc2F)c1,-0.403402904,0.4,0,0.6523247,0.12365782,1.3052912
COc1ccccc1C(=O)Nc1ccc2cc[nH]c2c1,0.505149978,0.4,0,0.6102388,0.12035471,1.2952938
N#Cc1ccc(COc2cccc(C3CCN(Cc4nc5ccc(C(=O)O)cc5n4C[C@@H]4CCO4)CC3)n2)c(F)c1,0.402433346,0.4,0,0.9486006,0.085617125,1.5464216
O=C(c1ccc(Oc2ccccc2)cc1Cl)c1c[nH]c2ncnc(N[C@@H]3CC[C@@H](CO)OC3)c12,-0.467245621,0.4,0,0.8217217,0.08950359,1.4598515
NC1CCCC1C(=O)N1CCC(c2c[nH]c3ncccc23)CC1,1.71701274,0.4,0,1.2333319,-0.016191661,1.7473567
Cc1ncsc1C(=O)N1CCCCC1c1nc(N)ncc1-c1cccc(C(F)(F)F)c1,0.615318657,0.4,0,0.86030555,0.10282725,1.4764426
COc1ccccc1-c1cc(NC(=O)c2cccc(N3CCNC3=O)c2)[nH]n1,-0.397940009,0.4,0,0.6992811,0.12673312,1.366836
COCCNC(=O)c1ccnc(C2CCNCC2)c1,2.0,0.4,0,1.0810397,0.10639447,1.5995941
Cc1cc(F)ccc1C1C(=O)NCCN1C(=O)c1ccc2nccn2c1,1.78096503,0.4,0,0.7644828,0.11886811,1.4106066
COc1cc2c(cc1OC)CN(CCc1ccc(NC(=O)c3cccc4c(O)c5cccc(OC)c5nc34)cc1)CC2,-1.207608311,0.4,0,0.7327341,0.110747635,1.39072
CN(Cc1ccccc1)C1(C(=O)N2CCNC(=O)CC2)Cc2ccccc2C1,0.904931827,0.4,0,1.0496659,0.059220314,1.5753752
CN1CCN(S(=O)(=O)c2ccc(-c3cnc(N)c(C(=O)Nc4cccnc4)n3)cc2)CC1,1.078638038,0.4,0,0.88707745,0.07383698,1.5113839
CCN1CCN(S(=O)(=O)Cc2ccc(Cl)c(Cl)c2)CC1,1.249124949,0.4,0,1.1681617,0.036866486,1.6571698
CNC(=O)C1(Cc2ccc(-c3cccnc3)cc2)CCN(Cc2cccc(F)c2)C1,0.829753919,0.4,0,0.93064463,0.057414472,1.517745
Cc1cc(N2CCCC2c2cc(CCC(=O)O)cc(C)n2)ncn1,2.0,0.4,0,0.93394506,0.111853,1.4922645
COc1nc2sc(C(=O)NC3CC3)c(N)c2c(C)c1Cl,0.245512668,0.4,0,0.8411783,0.08366203,1.4784045
COc1ccc([C@H]2CN(C(C)=O)[C@@H]3CCCN(Cc4cccc(F)c4)[C@H]23)cc1,0.595385981,0.4,0,1.0867851,0.040096343,1.6066238
COc1ccc(S(=O)(=O)N2CCC(N3CCC(C)CC3)CC2)cc1,1.729799023,0.4,0,1.3319042,-0.08210784,1.8049724
CC(O)(C#Cc1ccc2c(c1)N(c1nc(N)ncc1Cl)CC2)c1nccs1,-0.122628654,0.4,0,0.74351937,0.12706482,1.3538663
COc1ccc(CNC(=O)c2sc3nc(C)cc(C)c3c2N)cc1,-0.356547324,0.4,0,0.66626495,0.1207335,1.3108115
OCC1CCCCN1Cc1ccc(-c2ccccc2)cc1,1.368007805,0.4,1,0.8745314,0.21499711,1.1518555
O=C(Nc1cnccc1-c1ccc(Cl)cc1)c1ccnc(NC(=O)C2CC2)c1,0.369957607,0.4,1,0.8009323,0.35842252,1.1479764
CNc1cc(Nc2cccn(-c3ccccn3)c2=O)nn2c(C(=O)N[C@@H]3C[C@@H]3F)cnc12,0.991226076,0.4,1,1.1675692,0.8502495,1.4788754
Cc1cccc(/C=N/Nc2cc(N3CCOCC3)nc(OCCc3ccccn3)n2)c1,-0.548213564,0.4,1,0.68303025,0.22922003,1.1738681
Cc1oc2ccccc2c1CNc1nnc(-c2ccncc2)o1,0.717254313,0.4,1,0.40521732,-0.23139977,0.7517346
C#C[C@@](C)(CC)NC(=O)c1cc(F)cnc1NC1CC(F)(F)C1,0.671265433,0.4,1,1.2844934,0.85983497,1.6890911
C=CC(=O)N1CCC[C@@H](n2nc(-c3ccc(Oc4ccccc4)cc3)c3c(N)ncnc32)C1,0.62603,0.4,1,0.607151,0.23564291,0.96340364
Cc1cc(N2CCCC2c2cc(CCC(=O)O)cc(C)n2)ncn1,2.0,0.4,1,1.171741,0.8632264,1.5637617
O=C(c1ccc(Oc2ccccc2)cc1Cl)c1c[nH]c2ncnc(N[C@@H]3CC[C@@H](CO)OC3)c12,-0.467245621,0.4,1,0.71007466,0.32844928,1.0720365
O=C1CN(c2ccc(Nc3nccc(C(F)(F)F)n3)cn2)CCN1,1.543819805,0.4,1,1.1324015,0.84813046,1.553775
COCC(=O)N1CCC(Cc2ccccc2-c2cccc(F)c2)(C(=O)NC(C)C)CC1,0.596597096,0.4,1,0.8346005,0.3337074,1.181509
CC(C)[C@@](C)(O)[C@@H]1CN(c2nc(-c3n[nH]c4ncccc34)c(F)cc2Cl)CCN1,1.302460808,0.4,1,0.93798083,0.57575977,1.2995064
CN(C)C(=O)C1(Cc2ccccc2-c2ccccc2)CCN(C(=O)c2cnn(C)c2)CC1,1.041353202,0.4,1,0.76429,0.31211933,1.1165082
CN1C(N)=N[C@](C)(c2cc(NC(=O)c3ccc(F)cn3)ccc2F)CS1(=O)=O,1.560468571,0.4,1,1.15148,1.0727959,1.4780183
O=C(CN1CCCC(c2cccc(Cc3cccc(F)c3)n2)C1)N1CCCC1,1.062130535,0.4,1,1.1098909,0.5806115,1.3812113
C=CC(=O)N1CCC[C@H](n2c(=O)n(-c3ccc(Oc4ccccc4)cc3)c3c(N)ncnc32)C1,0.983851719,0.4,1,0.7933066,0.50761294,1.0925931
c1ccc(Oc2cccc(CN(CCN3CCOCC3)Cc3cccnc3)c2)cc1,-0.222573178,0.4,1,0.75396127,0.27362782,1.1021242
Nc1c(F)ccc2cnc(-n3ccc4ccncc43)cc12,0.713910354,0.4,1,0.9061943,0.26407623,1.0037574
CCC(=O)N1CCN(c2ccc(Cl)cc2NC(=O)COc2ccccc2)CC1,0.250420002,0.4,1,0.6261929,0.3806829,1.0783112
C[C@@H]1c2nnn(-c3ncc(F)cn3)c2CCN1C(=O)c1cccc(C(F)(F)F)c1Cl,0.969089603,0.4,1,0.8869357,0.6633216,1.2921369
COc1nc2sc(C(=O)NC3CC3)c(N)c2c(C)c1Cl,0.245512668,0.4,2,0.8520712,-0.07475102,1.3185055
Cn1cc(Nc2nc(N)nc(-c3cccc(-n4ccc5cc(C6CC6)cc(F)c5c4=O)c3CO)n2)cn1,0.850401148,0.4,2,0.731129,-0.09259057,1.2005364
CC(=O)Nc1ncc(C(=O)O)s1,1.81935965,0.4,2,0.7290709,0.07753408,1.1338199
Cc1oc2ccccc2c1CNc1nnc(-c2ccncc2)o1,0.717254313,0.4,2,0.67385244,-0.07598072,1.116722
CCc1nc(C)cn2nc(-c3cc(=O)n4cc(C5CCN(C)CC5)cc(C)c4n3)cc12,0.868232868,0.4,2,0.85359627,-0.09266949,1.3168252
Cn1c(-c2n[nH]c3c2CCCC3)nnc1N1CCC2(CNC(=O)C2)C1,1.792986685,0.4,2,1.1851395,-0.07976419,1.6104244
N#Cc1cc(F)c(NS(=O)(=O)c2c[nH]c3cc(Cl)ccc23)cc1F,-0.026872146,0.4,2,0.6933415,-0.01636976,1.1322583
CCS(=O)(=O)N1CC(CC#N)(n2cc(-c3ncnc4[nH]ccc34)cn2)C1,1.378597739,0.4,2,1.0214791,-0.11229193,1.4470342
NC1CCCC(C(=O)N2CCC(c3c[nH]c4ncccc34)CC2)C1,1.752816431,0.4,2,1.247303,-0.09285128,1.6665332
O=C1NCCN(C(=O)c2ccc3nccn3c2)C1c1ccccc1C(F)(F)F,1.851001366,0.4,2,0.82984674,-0.04659915,1.2790899
Cc1cccc(/C=N/Nc2cc(N3CCOCC3)nc(OCCc3ccccn3)n2)c1,-0.548213564,0.4,2,0.8409504,-0.014739692,1.2669816
COc1ccccc1C(=O)Nc1ccc2cc[nH]c2c1,0.505149978,0.4,2,0.6578499,-0.050956607,1.0996646
O=C(Nc1nc2cccc(-c3ccc(CN4CCS(=O)(=O)CC4)cc3)n2n1)C1CC1,1.681349797,0.4,2,1.0482292,-0.10451996,1.4781692
CN(C(=O)c1cc(N2CCNC2=O)ccc1F)C1CCNC1,1.885728632,0.4,2,1.0661811,-0.002150774,1.4934599
O=C(Nc1ccc(CN2CCCCC2)cc1)c1ccnc2[nH]cnc12,1.767526899,0.4,2,0.9128544,-0.084484816,1.3536286
Cc1nnc(CN(C)CC(C)Oc2ccc(Cl)c(Cl)c2)n1C,0.926290987,0.4,2,0.86371577,0.02718103,1.26183
Cc1c(F)cccc1NC(=O)CN1[C@H]2CCCC(=O)N[C@@]2(C)C[C@H]1Cc1ccccc1,0.595275712,0.4,2,1.1532422,-0.05641377,1.5659623
Nc1n[nH]cc1-c1cc(Cl)ccc1Oc1cc(F)c(S(=O)(=O)Nc2cscn2)cc1Cl,-0.354577731,0.4,2,0.6930285,-0.033682525,1.1293073
Cn1cc(-c2cn3nccc3c(-c3cnn([C@]4(CC#N)C[C@@H](C#N)C4)c3)n2)cn1,1.559583476,0.4,2,0.87536365,-0.10832441,1.366501
CCCc1cc(N2CCc3c(nc(C4CC4)n3C)C2)n2ncnc2n1,1.677187053,0.4,2,0.9587258,-0.061657906,1.427288
Cc1c[nH]c(=O)n1-c1ccc(C(=O)Nc2ccc3ccccc3n2)cc1,0.639386869,0.4,3,0.57592607,-0.08643985,0.98371804
CC#CC(=O)N1CCC[C@@H]1c1nc(-c2ccc(C(=O)Nc3ccccn3)cc2)c2c(N)nccn12,0.975868182,0.4,3,0.79770195,0.38155955,1.1208606
NC1CCCC(C(=O)Nc2ccc3[nH]ncc3c2)C1,2.0,0.4,3,1.7297369,1.2140777,1.9052976
C[C@@H]1CCN(C(=O)CC#N)C[C@@H]1N(C)c1ncnc2[nH]ccc12,1.991815076,0.4,3,1.8944566,1.6090162,1.9694074
CC(C)(C)C(=O)N1CCC(Cc2ccc(-c3cccs3)cc2)(C(=O)N2CCCC2)CC1,-0.1837587,0.4,3,1.1239848,0.60452265,1.3677702
CNC(=O)c1cccc(NC(=O)N2CCC(Oc3ccccc3Cl)CC2)c1,1.068760828,0.4,3,0.62746996,0.2613079,1.047156
COc1ccc([C@H]2CN(C(C)=O)[C@@H]3CCCN(Cc4cccc(F)c4)[C@H]23)cc1,0.595385981,0.4,3,1.593868,1.1838783,1.6705177
CN(C)C(=O)C1(Cc2ccccc2-c2ccccc2)CCN(C(=O)c2cnn(C)c2)CC1,1.041353202,0.4,3,0.97966564,0.56214046,1.2459838
CC(C)(Oc1ccc(-c2cnc(N)c(-c3ccc(Cl)cc3)c2)cc1)C(=O)O,-1.158015195,0.4,3,0.16121536,-0.41010606,0.78007746
Cc1cccc(/C=N/Nc2cc(N3CCOCC3)nc(OCCc3ccccn3)n2)c1,-0.548213564,0.4,3,0.5023543,0.011784375,0.99601626
Nc1c(F)ccc2cnc(-n3ccc4ccncc43)cc12,0.713910354,0.4,3,0.9065962,0.091775715,1.0999742
N#Cc1cc(F)c(NS(=O)(=O)c2c[nH]c3cc(Cl)ccc23)cc1F,-0.026872146,0.4,3,0.30299217,-0.2586068,0.7823769
O=C(NC1CCNCC1)c1ccc2cn[nH]c2c1,2.0,0.4,3,1.795143,1.3279319,1.9563658
CC1(C)CC(=O)C2=C(C1)NC(=O)CC2c1ccc(Br)cc1,1.159236233,0.4,3,1.5821885,1.2827119,1.7203401
O=C(NC1CCNCC1)c1ccc2[nH]ncc2c1,1.842696589,0.4,3,1.7952524,1.3283756,1.9570665
O=S(=O)(c1cccc2c(O)nccc12)N1CCCNCC1,1.850223373,0.4,3,1.7649348,1.2550693,1.7723085
C=CC(=O)Nc1cccc(Oc2nc(Nc3ccc(N4CCN(C)CC4)c(F)c3)nc3[nH]ccc23)c1,0.039414119,0.4,3,0.46962452,-0.040136218,0.9095615
CC(=O)NCCNc1cc(Cl)nn2c(-c3cccc(S(=O)(=O)N(C)C)c3)c(C)nc12,0.681693392,0.4,3,0.78946406,0.281314,1.0562029
COc1ccc([C@H]2c3[nH]c4ccc(Cl)cc4c3CCN2C(=O)Oc2ccc(Cl)cc2)cc1,1.51293775,0.4,3,0.42456517,-0.010984182,0.86238754
OC[C@H](Nc1cncc(-c2ccc3[nH]ncc3n2)c1)c1ccccc1,1.017826038,0.4,3,0.9324699,0.26855177,1.1992997
COc1nn(C)cc1C(=O)Nc1cccc(-c2cnc3n2CCC3)c1,0.866877814,0.4,4,0.76656836,0.32154486,1.3415513
CC1(C)CC(Oc2ccc(-c3ccc(-c4cn[nH]c4)cc3O)nn2)CC(C)(C)N1,1.199947058,0.4,4,0.7703551,-0.012807906,1.156739
Cc1c(F)cccc1NC(=O)CN1[C@H]2CCCC(=O)N[C@@]2(C)C[C@H]1Cc1ccccc1,0.595275712,0.4,4,1.6406269,1.5499516,1.7434752
C=CC(=O)N(C)CCOc1c(N)ncnc1-c1cc(F)cc(NC(=O)c2ccc(C3CC3)cc2F)c1C,0.838502776,0.4,4,0.35439724,-0.18463254,0.96044374
O=C1NCCSc2c1sc1ccc(O)cc21,0.891593204,0.4,4,0.26583597,-0.29583895,0.74992776
O=C1NCCN(C(=O)c2ccncc2)C1c1ccccc1Cl,1.876996793,0.4,4,1.3441805,1.2186269,1.5068536
Fc1ccc(-c2ccc3c(c2)[nH]c2ccncc23)cn1,0.653405491,0.4,4,0.6180596,-0.34977937,1.0894365
O=C(CCNC(=O)c1ccc(OC(F)(F)F)cc1)N[C@@H]1CCCc2ccccc21,0.526080692,0.4,4,0.7103968,0.24176803,1.1486272
Cc1c[nH]c(=O)n1-c1ccc(C(=O)Nc2ccc3ccccc3n2)cc1,0.639386869,0.4,4,0.5256009,-0.22751176,1.1202631
CNC(=O)C1(Cc2ccc(-c3cccnc3)cc2)CCN(Cc2ccc(F)cc2)C1,1.021602716,0.4,4,0.8070034,0.27992162,1.1528316
CC#CC(=O)N[C@H]1CCCN(c2c(F)cc(C(N)=O)c3[nH]c(C)c(C)c23)C1,0.163856803,0.4,4,0.9849937,0.6344704,1.2580186
C=CC(=O)N1C[C@H](Nc2ncnc3[nH]ccc23)CC[C@@H]1C,1.828227965,0.4,4,1.78739,1.4528393,1.8184047
Cn1cc(-c2cn3nccc3c(-c3cnn([C@]4(CC#N)C[C@@H](C#N)C4)c3)n2)cn1,1.559583476,0.4,4,1.0318726,0.5374346,1.2106705
Cc1nccc(-c2cn(Cc3ccccc3)c3cnccc23)n1,1.122707254,0.4,4,0.49110353,-0.31090903,1.0254526
CN1CCN(S(=O)(=O)c2ccc(-c3cnc(N)c(C(=O)Nc4cccnc4)n3)cc2)CC1,1.078638038,0.4,4,1.4407399,1.112802,1.5692067
Cc1cnc(C(=O)NCCc2ccc(S(=O)(=O)NC(=O)NC3CCCCC3)cc2)cn1,0.01745073,0.4,4,1.2742237,0.8611802,1.5857675
NC1CCCC(C(=O)N2CCC(c3c[nH]c4ncccc34)CC2)C1,1.752816431,0.4,4,1.7324352,1.0235517,1.8344789
CC(C)(C)c1ccc(-c2nc3n(c(=O)c2C#N)CCS3)cc1,0.731266349,0.4,4,0.110866666,-0.41613352,0.5118571
CCN1CCN(S(=O)(=O)Cc2ccc(Cl)c(Cl)c2)CC1,1.249124949,0.4,4,1.6282871,1.1650587,1.6534247
OC[C@H](Nc1cncc(-c2ccc3[nH]ncc3n2)c1)c1ccccc1,1.017826038,0.4,4,0.52699465,-0.14821404,1.104904
C=CC(=O)Nc1cccc(Nc2nc(Nc3ccc(Oc4ccnc(C(=O)NC)c4)cc3)ncc2F)c1,-0.403402904,0.5,0,0.66487515,0.2194559,0.9097136
COc1ccccc1C(=O)Nc1ccc2cc[nH]c2c1,0.505149978,0.5,0,0.6148414,0.20028746,0.86843616
N#Cc1ccc(COc2cccc(C3CCN(Cc4nc5ccc(C(=O)O)cc5n4C[C@@H]4CCO4)CC3)n2)c(F)c1,0.402433346,0.5,0,0.9583405,0.22528172,1.2488729
O=C(c1ccc(Oc2ccccc2)cc1Cl)c1c[nH]c2ncnc(N[C@@H]3CC[C@@H](CO)OC3)c12,-0.467245621,0.5,0,0.8489624,0.18571448,1.0994837
NC1CCCC1C(=O)N1CCC(c2c[nH]c3ncccc23)CC1,1.71701274,0.5,0,1.2342174,0.21102422,1.5635115
Cc1ncsc1C(=O)N1CCCCC1c1nc(N)ncc1-c1cccc(C(F)(F)F)c1,0.615318657,0.5,0,0.8824886,0.22518617,1.1552095
COc1ccccc1-c1cc(NC(=O)c2cccc(N3CCNC3=O)c2)[nH]n1,-0.397940009,0.5,0,0.72825056,0.21570885,0.9805817
COCCNC(=O)c1ccnc(C2CCNCC2)c1,2.0,0.5,0,1.0856674,0.28819072,1.4092754
Cc1cc(F)ccc1C1C(=O)NCCN1C(=O)c1ccc2nccn2c1,1.78096503,0.5,0,0.7957932,0.2177968,1.0475538
COc1cc2c(cc1OC)CN(CCc1ccc(NC(=O)c3cccc4c(O)c5cccc(OC)c5nc34)cc1)CC2,-1.207608311,0.5,0,0.7517821,0.18453902,1.0052365
CN(Cc1ccccc1)C1(C(=O)N2CCNC(=O)CC2)Cc2ccccc2C1,0.904931827,0.5,0,1.0512425,0.2495451,1.3406132
CN1CCN(S(=O)(=O)c2ccc(-c3cnc(N)c(C(=O)Nc4cccnc4)n3)cc2)CC1,1.078638038,0.5,0,0.9219421,0.20942634,1.1854103
CCN1CCN(S(=O)(=O)Cc2ccc(Cl)c(Cl)c2)CC1,1.249124949,0.5,0,1.1571658,0.25175852,1.4972198
CNC(=O)C1(Cc2ccc(-c3cccnc3)cc2)CCN(Cc2cccc(F)c2)C1,0.829753919,0.5,0,0.92560077,0.20922756,1.1863852
Cc1cc(N2CCCC2c2cc(CCC(=O)O)cc(C)n2)ncn1,2.0,0.5,0,0.9548278,0.25742763,1.2182059
COc1nc2sc(C(=O)NC3CC3)c(N)c2c(C)c1Cl,0.245512668,0.5,0,0.86235523,0.19640434,1.1616728
COc1ccc([C@H]2CN(C(C)=O)[C@@H]3CCCN(Cc4cccc(F)c4)[C@H]23)cc1,0.595385981,0.5,0,1.0943356,0.23884338,1.3776302
COc1ccc(S(=O)(=O)N2CCC(N3CCC(C)CC3)CC2)cc1,1.729799023,0.5,0,1.3001384,0.18308163,1.6980164
CC(O)(C#Cc1ccc2c(c1)N(c1nc(N)ncc1Cl)CC2)c1nccs1,-0.122628654,0.5,0,0.77042943,0.22179282,0.9958073
COc1ccc(CNC(=O)c2sc3nc(C)cc(C)c3c2N)cc1,-0.356547324,0.5,0,0.67847097,0.19918555,0.9268496
OCC1CCCCN1Cc1ccc(-c2ccccc2)cc1,1.368007805,0.5,1,1.0538136,0.579846,1.2625966
O=C(Nc1cnccc1-c1ccc(Cl)cc1)c1ccnc(NC(=O)C2CC2)c1,0.369957607,0.5,1,0.8291099,0.44676965,1.0963454
CNc1cc(Nc2cccn(-c3ccccn3)c2=O)nn2c(C(=O)N[C@@H]3C[C@@H]3F)cnc12,0.991226076,0.5,1,1.193133,0.8216321,1.3991873
Cc1cccc(/C=N/Nc2cc(N3CCOCC3)nc(OCCc3ccccn3)n2)c1,-0.548213564,0.5,1,0.69367003,0.3105966,1.0848889
Cc1oc2ccccc2c1CNc1nnc(-c2ccncc2)o1,0.717254313,0.5,1,0.4859761,-0.06061381,0.8180444
C#C[C@@](C)(CC)NC(=O)c1cc(F)cnc1NC1CC(F)(F)C1,0.671265433,0.5,1,1.3951814,0.87980324,1.7661021
C=CC(=O)N1CCC[C@@H](n2nc(-c3ccc(Oc4ccccc4)cc3)c3c(N)ncnc32)C1,0.62603,0.5,1,0.69231606,0.33390346,0.9483796
Cc1cc(N2CCCC2c2cc(CCC(=O)O)cc(C)n2)ncn1,2.0,0.5,1,1.2384727,0.9793981,1.5667119
O=C(c1ccc(Oc2ccccc2)cc1Cl)c1c[nH]c2ncnc(N[C@@H]3CC[C@@H](CO)OC3)c12,-0.467245621,0.5,1,0.78681046,0.3990225,1.078788
O=C1CN(c2ccc(Nc3nccc(C(F)(F)F)n3)cn2)CCN1,1.543819805,0.5,1,1.1763855,0.8421601,1.4665267
COCC(=O)N1CCC(Cc2ccccc2-c2cccc(F)c2)(C(=O)NC(C)C)CC1,0.596597096,0.5,1,0.93381023,0.54422086,1.2420443
CC(C)[C@@](C)(O)[C@@H]1CN(c2nc(-c3n[nH]c4ncccc34)c(F)cc2Cl)CCN1,1.302460808,0.5,1,1.1233438,0.7053486,1.3969743
CN(C)C(=O)C1(Cc2ccccc2-c2ccccc2)CCN(C(=O)c2cnn(C)c2)CC1,1.041353202,0.5,1,0.85461295,0.48789173,1.0948932
CN1C(N)=N[C@](C)(c2cc(NC(=O)c3ccc(F)cn3)ccc2F)CS1(=O)=O,1.560468571,0.5,1,1.2516574,1.0659814,1.4638157
O=C(CN1CCCC(c2cccc(Cc3cccc(F)c3)n2)C1)N1CCCC1,1.062130535,0.5,1,1.2634683,0.92242366,1.4810863
C=CC(=O)N1CCC[C@H](n2c(=O)n(-c3ccc(Oc4ccccc4)cc3)c3c(N)ncnc32)C1,0.983851719,0.5,1,0.8651941,0.5805825,1.0738091
c1ccc(Oc2cccc(CN(CCN3CCOCC3)Cc3cccnc3)c2)cc1,-0.222573178,0.5,1,0.862192,0.4581239,1.1436442
Nc1c(F)ccc2cnc(-n3ccc4ccncc43)cc12,0.713910354,0.5,1,0.9424502,0.41087985,1.0263314
CCC(=O)N1CCN(c2ccc(Cl)cc2NC(=O)COc2ccccc2)CC1,0.250420002,0.5,1,0.69367003,0.40445313,1.0365715
C[C@@H]1c2nnn(-c3ncc(F)cn3)c2CCN1C(=O)c1cccc(C(F)(F)F)c1Cl,0.969089603,0.5,1,0.9197904,0.6445701,1.2284447
COc1nc2sc(C(=O)NC3CC3)c(N)c2c(C)c1Cl,0.245512668,0.5,2,0.60094285,-0.0122464895,1.2626548
Cn1cc(Nc2nc(N)nc(-c3cccc(-n4ccc5cc(C6CC6)cc(F)c5c4=O)c3CO)n2)cn1,0.850401148,0.5,2,0.49522102,-0.08097434,1.2179183
CC(=O)Nc1ncc(C(=O)O)s1,1.81935965,0.5,2,0.5610828,0.12641913,1.139295
Cc1oc2ccccc2c1CNc1nnc(-c2ccncc2)o1,0.717254313,0.5,2,0.4645562,-0.055019796,1.1507436
CCc1nc(C)cn2nc(-c3cc(=O)n4cc(C5CCN(C)CC5)cc(C)c4n3)cc12,0.868232868,0.5,2,0.5804083,-0.08347201,1.273221
Cn1c(-c2n[nH]c3c2CCCC3)nnc1N1CCC2(CNC(=O)C2)C1,1.792986685,0.5,2,0.80339605,-0.06517166,1.450954
N#Cc1cc(F)c(NS(=O)(=O)c2c[nH]c3cc(Cl)ccc23)cc1F,-0.026872146,0.5,2,0.49750984,-0.01958704,1.1887937
CCS(=O)(=O)N1CC(CC#N)(n2cc(-c3ncnc4[nH]ccc34)cn2)C1,1.378597739,0.5,2,0.6946846,-0.06376994,1.359076
NC1CCCC(C(=O)N2CCC(c3c[nH]c4ncccc34)CC2)C1,1.752816431,0.5,2,0.8732819,-0.07075405,1.4839898
O=C1NCCN(C(=O)c2ccc3nccn3c2)C1c1ccccc1C(F)(F)F,1.851001366,0.5,2,0.5851021,-0.03955245,1.2632036
Cc1cccc(/C=N/Nc2cc(N3CCOCC3)nc(OCCc3ccccn3)n2)c1,-0.548213564,0.5,2,0.5948576,0.0069470406,1.2290969
COc1ccccc1C(=O)Nc1ccc2cc[nH]c2c1,0.505149978,0.5,2,0.4600548,-0.042179883,1.1523687
O=C(Nc1nc2cccc(-c3ccc(CN4CCS(=O)(=O)CC4)cc3)n2n1)C1CC1,1.681349797,0.5,2,0.7310803,-0.0807032,1.3676019
CN(C(=O)c1cc(N2CCNC2=O)ccc1F)C1CCNC1,1.885728632,0.5,2,0.77737117,0.024068892,1.3605821
O=C(Nc1ccc(CN2CCCCC2)cc1)c1ccnc2[nH]cnc12,1.767526899,0.5,2,0.63832694,-0.07478702,1.2841806
Cc1nnc(CN(C)CC(C)Oc2ccc(Cl)c(Cl)c2)n1C,0.926290987,0.5,2,0.6311804,0.06127119,1.2282367
Cc1c(F)cccc1NC(=O)CN1[C@H]2CCCC(=O)N[C@@]2(C)C[C@H]1Cc1ccccc1,0.595275712,0.5,2,0.78119826,-0.014288187,1.4195487
Nc1n[nH]cc1-c1cc(Cl)ccc1Oc1cc(F)c(S(=O)(=O)Nc2cscn2)cc1Cl,-0.354577731,0.5,2,0.49039057,-0.018949687,1.1742978
Cn1cc(-c2cn3nccc3c(-c3cnn([C@]4(CC#N)C[C@@H](C#N)C4)c3)n2)cn1,1.559583476,0.5,2,0.5597475,-0.0875864,1.2995279
CCCc1cc(N2CCc3c(nc(C4CC4)n3C)C2)n2ncnc2n1,1.677187053,0.5,2,0.62836087,-0.050973296,1.3269339
Cc1c[nH]c(=O)n1-c1ccc(C(=O)Nc2ccc3ccccc3n2)cc1,0.639386869,0.5,3,0.454472,-0.018892586,0.8772854
CC#CC(=O)N1CCC[C@@H]1c1nc(-c2ccc(C(=O)Nc3ccccn3)cc2)c2c(N)nccn12,0.975868182,0.5,3,0.678535,0.3607761,1.083762
NC1CCCC(C(=O)Nc2ccc3[nH]ncc3c2)C1,2.0,0.5,3,1.5175986,1.0987215,1.765494
C[C@@H]1CCN(C(=O)CC#N)C[C@@H]1N(C)c1ncnc2[nH]ccc12,1.991815076,0.5,3,1.607388,1.2973232,1.8187244
CC(C)(C)C(=O)N1CCC(Cc2ccc(-c3cccs3)cc2)(C(=O)N2CCCC2)CC1,-0.1837587,0.5,3,1.1222497,0.85204226,1.5486671
CNC(=O)c1cccc(NC(=O)N2CCC(Oc3ccccc3Cl)CC2)c1,1.068760828,0.5,3,0.54543304,0.26766136,1.0507791
COc1ccc([C@H]2CN(C(C)=O)[C@@H]3CCCN(Cc4cccc(F)c4)[C@H]23)cc1,0.595385981,0.5,3,1.307282,1.015032,1.5878922
CN(C)C(=O)C1(Cc2ccccc2-c2ccccc2)CCN(C(=O)c2cnn(C)c2)CC1,1.041353202,0.5,3,0.8739152,0.58520883,1.2556033
CC(C)(Oc1ccc(-c2cnc(N)c(-c3ccc(Cl)cc3)c2)cc1)C(=O)O,-1.158015195,0.5,3,0.10228807,-0.29358304,0.72748864
Cc1cccc(/C=N/Nc2cc(N3CCOCC3)nc(OCCc3ccccn3)n2)c1,-0.548213564,0.5,3,0.54935795,0.21996999,1.0404227
Nc1c(F)ccc2cnc(-n3ccc4ccncc43)cc12,0.713910354,0.5,3,0.6994987,0.16206682,0.96802914
N#Cc1cc(F)c(NS(=O)(=O)c2c[nH]c3cc(Cl)ccc23)cc1F,-0.026872146,0.5,3,0.22339097,-0.12230182,0.7477992
O=C(NC1CCNCC1)c1ccc2cn[nH]c2c1,2.0,0.5,3,1.4769342,1.042564,1.7415469
CC1(C)CC(=O)C2=C(C1)NC(=O)CC2c1ccc(Br)cc1,1.159236233,0.5,3,1.225625,1.0114297,1.5884691
O=C(NC1CCNCC1)c1ccc2[nH]ncc2c1,1.842696589,0.5,3,1.4708837,1.037883,1.739092
O=S(=O)(c1cccc2c(O)nccc12)N1CCCNCC1,1.850223373,0.5,3,1.5928754,1.2018118,1.7922872
C=CC(=O)Nc1cccc(Oc2nc(Nc3ccc(N4CCN(C)CC4)c(F)c3)nc3[nH]ccc23)c1,0.039414119,0.5,3,0.5168535,0.16341275,0.981405
CC(=O)NCCNc1cc(Cl)nn2c(-c3cccc(S(=O)(=O)N(C)C)c3)c(C)nc12,0.681693392,0.5,3,0.7439095,0.41853786,1.1256912
COc1ccc([C@H]2c3[nH]c4ccc(Cl)cc4c3CCN2C(=O)Oc2ccc(Cl)cc2)cc1,1.51293775,0.5,3,0.31195718,-0.010570943,0.79877317
OC[C@H](Nc1cncc(-c2ccc3[nH]ncc3n2)c1)c1ccccc1,1.017826038,0.5,3,0.7011711,0.24383631,1.0239626
COc1nn(C)cc1C(=O)Nc1cccc(-c2cnc3n2CCC3)c1,0.866877814,0.5,4,0.84541476,0.55679923,1.2824414
CC1(C)CC(Oc2ccc(-c3ccc(-c4cn[nH]c4)cc3O)nn2)CC(C)(C)N1,1.199947058,0.5,4,0.7518813,0.39076477,1.1881875
Cc1c(F)cccc1NC(=O)CN1[C@H]2CCCC(=O)N[C@@]2(C)C[C@H]1Cc1ccccc1,0.595275712,0.5,4,1.720979,1.7181633,1.7880793
C=CC(=O)N(C)CCOc1c(N)ncnc1-c1cc(F)cc(NC(=O)c2ccc(C3CC3)cc2F)c1C,0.838502776,0.5,4,0.22683245,-0.018400848,0.82412946
O=C1NCCSc2c1sc1ccc(O)cc21,0.891593204,0.5,4,0.27146405,-0.03212309,0.68124783
O=C1NCCN(C(=O)c2ccncc2)C1c1ccccc1Cl,1.876996793,0.5,4,1.475167,1.3925414,1.535532
Fc1ccc(-c2ccc3c(c2)[nH]c2ccncc23)cn1,0.653405491,0.5,4,0.72428983,0.12566525,1.0600606
O=C(CCNC(=O)c1ccc(OC(F)(F)F)cc1)N[C@@H]1CCCc2ccccc21,0.526080692,0.5,4,0.6687398,0.44160977,1.1327417
Cc1c[nH]c(=O)n1-c1ccc(C(=O)Nc2ccc3ccccc3n2)cc1,0.639386869,0.5,4,0.64903796,0.17806482,1.0828003
CNC(=O)C1(Cc2ccc(-c3cccnc3)cc2)CCN(Cc2ccc(F)cc2)C1,1.021602716,0.5,4,0.8094101,0.55527323,1.1476278
CC#CC(=O)N[C@H]1CCCN(c2c(F)cc(C(N)=O)c3[nH]c(C)c(C)c23)C1,0.163856803,0.5,4,0.9001129,0.75189525,1.1964519
C=CC(=O)N1C[C@H](Nc2ncnc3[nH]ccc23)CC[C@@H]1C,1.828227965,0.5,4,1.7854565,1.6398854,1.8328445
Cn1cc(-c2cn3nccc3c(-c3cnn([C@]4(CC#N)C[C@@H](C#N)C4)c3)n2)cn1,1.559583476,0.5,4,0.88847065,0.63599354,1.089009
Cc1nccc(-c2cn(Cc3ccccc3)c3cnccc23)n1,1.122707254,0.5,4,0.54082674,0.042546093,0.9338957
CN1CCN(S(=O)(=O)c2ccc(-c3cnc(N)c(C(=O)Nc4cccnc4)n3)cc2)CC1,1.078638038,0.5,4,1.4554393,1.3256819,1.5925663
Cc1cnc(C(=O)NCCc2ccc(S(=O)(=O)NC(=O)NC3CCCCC3)cc2)cn1,0.01745073,0.5,4,1.2453362,1.0790802,1.6046302
NC1CCCC(C(=O)N2CCC(c3c[nH]c4ncccc34)CC2)C1,1.752816431,0.5,4,1.8497305,1.6183456,1.9184891
CC(C)(C)c1ccc(-c2nc3n(c(=O)c2C#N)CCS3)cc1,0.731266349,0.5,4,0.016333103,-0.26914203,0.45142156
CCN1CCN(S(=O)(=O)Cc2ccc(Cl)c(Cl)c2)CC1,1.249124949,0.5,4,1.6799825,1.483639,1.7376877
OC[C@H](Nc1cncc(-c2ccc3[nH]ncc3n2)c1)c1ccccc1,1.017826038,0.5,4,0.60959893,0.18090087,1.0675347
